timestamp,test_suite,predicted_induced_state,three_sec_predicted_induced_state,predicted_induced_state_confidence,three_sec_predicted_induced_state_confidence,top_three_features
1626275616000000,Provisional-Test-025,baseline,baseline,[0.002 0.002 0.003 0.982 0.008 0.003],[0.002 0.002 0.003 0.982 0.008 0.003],['E4_GSR' 'ViveEye_gazeOrigin_R_Y' 'LooxidLink_EEG_A4']
1626275617000000,Provisional-Test-025,baseline,baseline,[0.002 0.002 0.003 0.982 0.008 0.003],[0.002 0.002 0.003 0.982 0.008 0.003],['E4_GSR' 'ViveEye_gazeOrigin_R_Y' 'LooxidLink_EEG_A4']
1626275618000000,Provisional-Test-025,baseline,baseline,[0.002 0.002 0.003 0.982 0.007 0.003],[0.002 0.002 0.003 0.982 0.007 0.003],['E4_GSR' 'ViveEye_gazeOrigin_R_Y' 'LooxidLink_EEG_A4']
1626275619000000,Provisional-Test-025,baseline,baseline,[0.002 0.002 0.003 0.983 0.007 0.003],[0.002 0.002 0.003 0.983 0.007 0.003],['E4_GSR' 'ViveEye_gazeOrigin_R_Y' 'LooxidLink_EEG_A4']
1626275620000000,Provisional-Test-025,baseline,baseline,[0.002 0.002 0.003 0.983 0.007 0.003],[0.002 0.002 0.003 0.983 0.007 0.003],['E4_GSR' 'ViveEye_gazeOrigin_R_Y' 'LooxidLink_EEG_A4']
1626275621000000,Provisional-Test-025,baseline,baseline,[0.002 0.002 0.003 0.983 0.007 0.003],[0.002 0.002 0.003 0.983 0.007 0.003],['E4_GSR' 'ViveEye_gazeOrigin_R_Y' 'LooxidLink_EEG_A4']
1626275622000000,Provisional-Test-025,baseline,baseline,[0.002 0.002 0.003 0.983 0.007 0.003],[0.002 0.002 0.003 0.983 0.007 0.003],['E4_GSR' 'ViveEye_gazeOrigin_R_Y' 'LooxidLink_EEG_A4']
1626275623000000,Provisional-Test-025,baseline,baseline,[0.002 0.002 0.003 0.983 0.007 0.003],[0.002 0.002 0.003 0.983 0.007 0.003],['E4_GSR' 'ViveEye_gazeOrigin_R_Y' 'LooxidLink_EEG_A4']
1626275624000000,Provisional-Test-025,baseline,baseline,[0.003 0.002 0.003 0.982 0.007 0.003],[0.003 0.002 0.003 0.982 0.007 0.003],['E4_GSR' 'ViveEye_gazeOrigin_R_Y' 'LooxidLink_EEG_A4']
1626275625000000,Provisional-Test-025,baseline,baseline,[0.003 0.002 0.004 0.978 0.009 0.004],[0.003 0.002 0.004 0.978 0.009 0.004],['E4_GSR' 'ViveEye_gazeOrigin_R_Y' 'LooxidLink_EEG_A4']
1626275626000000,Provisional-Test-025,baseline,baseline,[0.003 0.002 0.003 0.981 0.008 0.003],[0.003 0.002 0.003 0.981 0.008 0.003],['E4_GSR' 'ViveEye_gazeOrigin_R_Y' 'LooxidLink_EEG_A4']
1626275627000000,Provisional-Test-025,baseline,baseline,[0.002 0.002 0.003 0.983 0.007 0.003],[0.002 0.002 0.003 0.983 0.007 0.003],['E4_GSR' 'ViveEye_gazeOrigin_R_Y' 'LooxidLink_EEG_A4']
1626275628000000,Provisional-Test-025,baseline,baseline,[0.003 0.002 0.003 0.982 0.007 0.003],[0.003 0.002 0.003 0.982 0.007 0.003],['E4_GSR' 'ViveEye_gazeOrigin_R_Y' 'LooxidLink_EEG_A4']
1626275629000000,Provisional-Test-025,baseline,baseline,[0.002 0.002 0.003 0.982 0.007 0.003],[0.002 0.002 0.003 0.982 0.007 0.003],['E4_GSR' 'ViveEye_gazeOrigin_R_Y' 'LooxidLink_EEG_A4']
1626275630000000,Provisional-Test-025,baseline,baseline,[0.002 0.002 0.003 0.983 0.007 0.003],[0.002 0.002 0.003 0.983 0.007 0.003],['E4_GSR' 'ViveEye_gazeOrigin_R_Y' 'LooxidLink_EEG_A4']
1626275631000000,Provisional-Test-025,baseline,baseline,[0.003 0.002 0.003 0.981 0.007 0.003],[0.003 0.002 0.003 0.981 0.007 0.003],['E4_GSR' 'ViveEye_gazeOrigin_R_Y' 'LooxidLink_EEG_A4']
1626275632000000,Provisional-Test-025,baseline,baseline,[0.002 0.002 0.003 0.983 0.007 0.003],[0.002 0.002 0.003 0.983 0.007 0.003],['E4_GSR' 'ViveEye_gazeOrigin_R_Y' 'LooxidLink_EEG_A4']
1626275633000000,Provisional-Test-025,baseline,baseline,[0.002 0.002 0.003 0.979 0.011 0.003],[0.002 0.002 0.003 0.979 0.011 0.003],['E4_GSR' 'ViveEye_gazeOrigin_R_Y' 'LooxidLink_EEG_A4']
1626275634000000,Provisional-Test-025,baseline,baseline,[0.002 0.002 0.003 0.982 0.007 0.003],[0.002 0.002 0.003 0.982 0.007 0.003],['E4_GSR' 'ViveEye_gazeOrigin_R_Y' 'LooxidLink_EEG_A4']
1626275635000000,Provisional-Test-025,baseline,baseline,[0.002 0.002 0.003 0.957 0.033 0.003],[0.002 0.002 0.003 0.957 0.033 0.003],['E4_GSR' 'ViveEye_gazeOrigin_R_Y' 'LooxidLink_EEG_A4']
1626275636000000,Provisional-Test-025,baseline,baseline,[0.002 0.002 0.003 0.983 0.007 0.003],[0.002 0.002 0.003 0.983 0.007 0.003],['E4_GSR' 'ViveEye_gazeOrigin_R_Y' 'LooxidLink_EEG_A4']
1626275637000000,Provisional-Test-025,baseline,baseline,[0.002 0.002 0.003 0.983 0.007 0.003],[0.002 0.002 0.003 0.983 0.007 0.003],['E4_GSR' 'ViveEye_gazeOrigin_R_Y' 'LooxidLink_EEG_A4']
1626275638000000,Provisional-Test-025,baseline,baseline,[0.002 0.002 0.003 0.982 0.007 0.003],[0.002 0.002 0.003 0.982 0.007 0.003],['E4_GSR' 'ViveEye_gazeOrigin_R_Y' 'LooxidLink_EEG_A4']
1626275639000000,Provisional-Test-025,baseline,baseline,[0.002 0.002 0.003 0.983 0.007 0.003],[0.002 0.002 0.003 0.983 0.007 0.003],['E4_GSR' 'ViveEye_gazeOrigin_R_Y' 'LooxidLink_EEG_A4']
1626275640000000,Provisional-Test-025,baseline,baseline,[0.002 0.002 0.003 0.983 0.007 0.003],[0.002 0.002 0.003 0.983 0.007 0.003],['E4_GSR' 'ViveEye_gazeOrigin_R_Y' 'LooxidLink_EEG_A4']
1626275641000000,Provisional-Test-025,baseline,baseline,[0.002 0.002 0.003 0.983 0.007 0.003],[0.002 0.002 0.003 0.983 0.007 0.003],['E4_GSR' 'ViveEye_gazeOrigin_R_Y' 'LooxidLink_EEG_A4']
1626275642000000,Provisional-Test-025,baseline,baseline,[0.002 0.002 0.003 0.982 0.007 0.003],[0.002 0.002 0.003 0.982 0.007 0.003],['E4_GSR' 'ViveEye_gazeOrigin_R_Y' 'LooxidLink_EEG_A4']
1626275643000000,Provisional-Test-025,baseline,baseline,[0.002 0.002 0.003 0.983 0.007 0.003],[0.002 0.002 0.003 0.983 0.007 0.003],['E4_GSR' 'ViveEye_gazeOrigin_R_Y' 'LooxidLink_EEG_A4']
1626275644000000,Provisional-Test-025,baseline,baseline,[0.003 0.002 0.003 0.982 0.007 0.003],[0.003 0.002 0.003 0.982 0.007 0.003],['E4_GSR' 'ViveEye_gazeOrigin_R_Y' 'LooxidLink_EEG_A4']
1626275645000000,Provisional-Test-025,baseline,baseline,[0.002 0.002 0.003 0.983 0.007 0.003],[0.002 0.002 0.003 0.983 0.007 0.003],['E4_GSR' 'ViveEye_gazeOrigin_R_Y' 'LooxidLink_EEG_A4']
1626275646000000,Provisional-Test-025,baseline,baseline,[0.002 0.002 0.003 0.983 0.007 0.003],[0.002 0.002 0.003 0.983 0.007 0.003],['E4_GSR' 'ViveEye_gazeOrigin_R_Y' 'LooxidLink_EEG_A4']
1626275647000000,Provisional-Test-025,baseline,baseline,[0.004 0.004 0.003 0.979 0.007 0.003],[0.004 0.004 0.003 0.979 0.007 0.003],['E4_GSR' 'ViveEye_gazeOrigin_R_Y' 'LooxidLink_EEG_A4']
1626275648000000,Provisional-Test-025,baseline,baseline,[0.002 0.002 0.003 0.982 0.007 0.003],[0.002 0.002 0.003 0.982 0.007 0.003],['E4_GSR' 'ViveEye_gazeOrigin_R_Y' 'LooxidLink_EEG_A4']
1626275649000000,Provisional-Test-025,baseline,baseline,[0.002 0.001 0.003 0.983 0.007 0.003],[0.002 0.001 0.003 0.983 0.007 0.003],['E4_GSR' 'ViveEye_gazeOrigin_R_Y' 'LooxidLink_EEG_A4']
1626275650000000,Provisional-Test-025,baseline,baseline,[0.003 0.002 0.003 0.981 0.008 0.003],[0.003 0.002 0.003 0.981 0.008 0.003],['E4_GSR' 'ViveEye_gazeOrigin_R_Y' 'LooxidLink_EEG_A4']
1626275651000000,Provisional-Test-025,baseline,baseline,[0.003 0.002 0.003 0.981 0.007 0.003],[0.003 0.002 0.003 0.981 0.007 0.003],['E4_GSR' 'ViveEye_gazeOrigin_R_Y' 'LooxidLink_EEG_A4']
1626275652000000,Provisional-Test-025,baseline,baseline,[0.002 0.002 0.003 0.982 0.007 0.003],[0.002 0.002 0.003 0.982 0.007 0.003],['E4_GSR' 'ViveEye_gazeOrigin_R_Y' 'LooxidLink_EEG_A4']
1626275653000000,Provisional-Test-025,baseline,baseline,[0.002 0.002 0.003 0.982 0.007 0.003],[0.002 0.002 0.003 0.982 0.007 0.003],['E4_GSR' 'ViveEye_gazeOrigin_R_Y' 'LooxidLink_EEG_A4']
1626275654000000,Provisional-Test-025,baseline,baseline,[0.003 0.002 0.003 0.982 0.007 0.003],[0.003 0.002 0.003 0.982 0.007 0.003],['E4_GSR' 'ViveEye_gazeOrigin_R_Y' 'LooxidLink_EEG_A4']
1626275655000000,Provisional-Test-025,baseline,baseline,[0.002 0.002 0.003 0.983 0.007 0.003],[0.002 0.002 0.003 0.983 0.007 0.003],['E4_GSR' 'ViveEye_gazeOrigin_R_Y' 'LooxidLink_EEG_A4']
1626275656000000,Provisional-Test-025,baseline,baseline,[0.002 0.002 0.003 0.983 0.007 0.003],[0.002 0.002 0.003 0.983 0.007 0.003],['E4_GSR' 'ViveEye_gazeOrigin_R_Y' 'LooxidLink_EEG_A4']
1626275657000000,Provisional-Test-025,baseline,baseline,[0.002 0.002 0.003 0.983 0.007 0.003],[0.002 0.002 0.003 0.983 0.007 0.003],['E4_GSR' 'ViveEye_gazeOrigin_R_Y' 'LooxidLink_EEG_A4']
1626275658000000,Provisional-Test-025,baseline,baseline,[0.002 0.002 0.003 0.983 0.007 0.003],[0.002 0.002 0.003 0.983 0.007 0.003],['E4_GSR' 'ViveEye_gazeOrigin_R_Y' 'LooxidLink_EEG_A4']
1626275659000000,Provisional-Test-025,baseline,baseline,[0.002 0.002 0.003 0.982 0.008 0.003],[0.002 0.002 0.003 0.982 0.008 0.003],['E4_GSR' 'ViveEye_gazeOrigin_R_Y' 'LooxidLink_EEG_A4']
1626275660000000,Provisional-Test-025,baseline,baseline,[0.002 0.002 0.003 0.981 0.009 0.003],[0.002 0.002 0.003 0.981 0.009 0.003],['E4_GSR' 'ViveEye_gazeOrigin_R_Y' 'LooxidLink_EEG_A4']
1626275661000000,Provisional-Test-025,baseline,baseline,[0.002 0.002 0.003 0.983 0.007 0.003],[0.002 0.002 0.003 0.983 0.007 0.003],['E4_GSR' 'ViveEye_gazeOrigin_R_Y' 'LooxidLink_EEG_A4']
1626275662000000,Provisional-Test-025,baseline,baseline,[0.002 0.002 0.003 0.982 0.007 0.003],[0.002 0.002 0.003 0.982 0.007 0.003],['E4_GSR' 'ViveEye_gazeOrigin_R_Y' 'LooxidLink_EEG_A4']
1626275663000000,Provisional-Test-025,baseline,baseline,[0.002 0.002 0.003 0.983 0.007 0.003],[0.002 0.002 0.003 0.983 0.007 0.003],['E4_GSR' 'ViveEye_gazeOrigin_R_Y' 'LooxidLink_EEG_A4']
1626275664000000,Provisional-Test-025,baseline,baseline,[0.003 0.002 0.003 0.981 0.008 0.003],[0.003 0.002 0.003 0.981 0.008 0.003],['E4_GSR' 'ViveEye_gazeOrigin_R_Y' 'LooxidLink_EEG_A4']
1626275665000000,Provisional-Test-025,baseline,baseline,[0.002 0.001 0.003 0.983 0.007 0.003],[0.002 0.001 0.003 0.983 0.007 0.003],['E4_GSR' 'ViveEye_gazeOrigin_R_Y' 'LooxidLink_EEG_A4']
1626275666000000,Provisional-Test-025,baseline,baseline,[0.003 0.002 0.003 0.982 0.007 0.003],[0.003 0.002 0.003 0.982 0.007 0.003],['E4_GSR' 'ViveEye_gazeOrigin_R_Y' 'LooxidLink_EEG_A4']
1626275667000000,Provisional-Test-025,baseline,baseline,[0.002 0.002 0.003 0.983 0.007 0.003],[0.002 0.002 0.003 0.983 0.007 0.003],['E4_GSR' 'ViveEye_gazeOrigin_R_Y' 'LooxidLink_EEG_A4']
1626275668000000,Provisional-Test-025,baseline,baseline,[0.002 0.002 0.003 0.958 0.032 0.003],[0.002 0.002 0.003 0.958 0.032 0.003],['E4_GSR' 'ViveEye_gazeOrigin_R_Y' 'LooxidLink_EEG_A4']
1626275669000000,Provisional-Test-025,baseline,baseline,[0.002 0.002 0.003 0.958 0.032 0.003],[0.002 0.002 0.003 0.958 0.032 0.003],['E4_GSR' 'ViveEye_gazeOrigin_R_Y' 'LooxidLink_EEG_A4']
1626275670000000,Provisional-Test-025,baseline,baseline,[0.002 0.001 0.003 0.958 0.032 0.003],[0.002 0.001 0.003 0.958 0.032 0.003],['E4_GSR' 'ViveEye_gazeOrigin_R_Y' 'LooxidLink_EEG_A4']
1626275671000000,Provisional-Test-025,baseline,baseline,[0.002 0.002 0.003 0.982 0.008 0.003],[0.002 0.002 0.003 0.982 0.008 0.003],['E4_GSR' 'ViveEye_gazeOrigin_R_Y' 'LooxidLink_EEG_A4']
1626275672000000,Provisional-Test-025,baseline,baseline,[0.002 0.002 0.003 0.960 0.031 0.003],[0.002 0.002 0.003 0.960 0.031 0.003],['E4_GSR' 'ViveEye_gazeOrigin_R_Y' 'LooxidLink_EEG_A4']
1626275673000000,Provisional-Test-025,baseline,baseline,[0.002 0.002 0.003 0.958 0.032 0.003],[0.002 0.002 0.003 0.958 0.032 0.003],['E4_GSR' 'ViveEye_gazeOrigin_R_Y' 'LooxidLink_EEG_A4']
1626275674000000,Provisional-Test-025,baseline,baseline,[0.002 0.001 0.003 0.958 0.032 0.003],[0.002 0.001 0.003 0.958 0.032 0.003],['E4_GSR' 'ViveEye_gazeOrigin_R_Y' 'LooxidLink_EEG_A4']
1626275675000000,Provisional-Test-025,baseline,baseline,[0.003 0.002 0.003 0.957 0.032 0.003],[0.003 0.002 0.003 0.957 0.032 0.003],['E4_GSR' 'ViveEye_gazeOrigin_R_Y' 'LooxidLink_EEG_A4']
1626275676000000,Provisional-Test-025,baseline,baseline,[0.002 0.002 0.003 0.958 0.032 0.003],[0.002 0.002 0.003 0.958 0.032 0.003],['E4_GSR' 'ViveEye_gazeOrigin_R_Y' 'LooxidLink_EEG_A4']
1626275677000000,Provisional-Test-025,baseline,baseline,[0.003 0.002 0.003 0.956 0.033 0.003],[0.003 0.002 0.003 0.956 0.033 0.003],['E4_GSR' 'ViveEye_gazeOrigin_R_Y' 'LooxidLink_EEG_A4']
1626275678000000,Provisional-Test-025,baseline,baseline,[0.003 0.001 0.003 0.955 0.034 0.003],[0.003 0.001 0.003 0.955 0.034 0.003],['E4_GSR' 'ViveEye_gazeOrigin_R_Y' 'LooxidLink_EEG_A4']
1626275679000000,Provisional-Test-025,baseline,baseline,[0.004 0.004 0.003 0.943 0.043 0.003],[0.004 0.004 0.003 0.943 0.043 0.003],['E4_GSR' 'ViveEye_gazeOrigin_R_Y' 'LooxidLink_EEG_A4']
1626275680000000,Provisional-Test-025,baseline,baseline,[0.003 0.004 0.003 0.950 0.036 0.003],[0.003 0.004 0.003 0.950 0.036 0.003],['E4_GSR' 'ViveEye_gazeOrigin_R_Y' 'LooxidLink_EEG_A4']
1626275681000000,Provisional-Test-025,baseline,baseline,[0.003 0.002 0.003 0.971 0.016 0.003],[0.003 0.002 0.003 0.971 0.016 0.003],['E4_GSR' 'ViveEye_gazeOrigin_R_Y' 'LooxidLink_EEG_A4']
1626275682000000,Provisional-Test-025,baseline,baseline,[0.003 0.002 0.004 0.947 0.041 0.003],[0.003 0.002 0.004 0.947 0.041 0.003],['E4_GSR' 'ViveEye_gazeOrigin_R_Y' 'LooxidLink_EEG_A4']
1626275683000000,Provisional-Test-025,baseline,baseline,[0.004 0.002 0.004 0.946 0.041 0.003],[0.004 0.002 0.004 0.946 0.041 0.003],['E4_GSR' 'ViveEye_gazeOrigin_R_Y' 'LooxidLink_EEG_A4']
1626275684000000,Provisional-Test-025,baseline,baseline,[0.007 0.004 0.003 0.945 0.037 0.003],[0.007 0.004 0.003 0.945 0.037 0.003],['E4_GSR' 'ViveEye_gazeOrigin_R_Y' 'LooxidLink_EEG_A4']
1626275685000000,Provisional-Test-025,baseline,baseline,[0.004 0.004 0.003 0.950 0.036 0.003],[0.004 0.004 0.003 0.950 0.036 0.003],['E4_GSR' 'ViveEye_gazeOrigin_R_Y' 'LooxidLink_EEG_A4']
1626275686000000,Provisional-Test-025,baseline,baseline,[0.004 0.004 0.003 0.949 0.038 0.003],[0.004 0.004 0.003 0.949 0.038 0.003],['E4_GSR' 'ViveEye_gazeOrigin_R_Y' 'LooxidLink_EEG_A4']
1626275687000000,Provisional-Test-025,baseline,baseline,[0.005 0.003 0.003 0.946 0.039 0.003],[0.005 0.003 0.003 0.946 0.039 0.003],['E4_GSR' 'ViveEye_gazeOrigin_R_Y' 'LooxidLink_EEG_A4']
1626275688000000,Provisional-Test-025,baseline,baseline,[0.004 0.003 0.003 0.947 0.039 0.003],[0.004 0.003 0.003 0.947 0.039 0.003],['E4_GSR' 'ViveEye_gazeOrigin_R_Y' 'LooxidLink_EEG_A4']
1626275689000000,Provisional-Test-025,baseline,baseline,[0.004 0.004 0.003 0.945 0.041 0.003],[0.004 0.004 0.003 0.945 0.041 0.003],['E4_GSR' 'ViveEye_gazeOrigin_R_Y' 'LooxidLink_EEG_A4']
1626275690000000,Provisional-Test-025,baseline,baseline,[0.006 0.005 0.005 0.896 0.083 0.005],[0.006 0.005 0.005 0.896 0.083 0.005],['E4_GSR' 'ViveEye_gazeOrigin_R_Y' 'LooxidLink_EEG_A4']
1626275691000000,Provisional-Test-025,baseline,baseline,[0.006 0.005 0.005 0.945 0.034 0.005],[0.006 0.005 0.005 0.945 0.034 0.005],['E4_GSR' 'ViveEye_gazeOrigin_R_Y' 'LooxidLink_EEG_A4']
1626275692000000,Provisional-Test-025,baseline,baseline,[0.006 0.005 0.005 0.888 0.089 0.005],[0.006 0.005 0.005 0.888 0.089 0.005],['E4_GSR' 'ViveEye_gazeOrigin_R_Y' 'LooxidLink_EEG_A4']
1626276083000000,Provisional-Test-025,channelized,channelized,[0.011 0.006 0.012 0.016 0.943 0.012],[0.011 0.006 0.012 0.016 0.943 0.012],['E4_GSR' 'ViveEye_gazeOrigin_R_Y' 'LooxidLink_EEG_A4']
1626276084000000,Provisional-Test-025,channelized,channelized,[0.004 0.004 0.004 0.004 0.981 0.004],[0.004 0.004 0.004 0.004 0.981 0.004],['E4_GSR' 'ViveEye_gazeOrigin_R_Y' 'LooxidLink_EEG_A4']
1626276085000000,Provisional-Test-025,channelized,channelized,[0.002 0.001 0.003 0.003 0.987 0.003],[0.002 0.001 0.003 0.003 0.987 0.003],['E4_GSR' 'ViveEye_gazeOrigin_R_Y' 'LooxidLink_EEG_A4']
1626276086000000,Provisional-Test-025,channelized,channelized,[0.002 0.002 0.003 0.003 0.987 0.003],[0.002 0.002 0.003 0.003 0.987 0.003],['E4_GSR' 'ViveEye_gazeOrigin_R_Y' 'LooxidLink_EEG_A4']
1626276087000000,Provisional-Test-025,channelized,channelized,[0.010 0.009 0.013 0.014 0.941 0.013],[0.010 0.009 0.013 0.014 0.941 0.013],['E4_GSR' 'ViveEye_gazeOrigin_R_Y' 'LooxidLink_EEG_A4']
1626276088000000,Provisional-Test-025,channelized,channelized,[0.003 0.002 0.003 0.003 0.986 0.003],[0.003 0.002 0.003 0.003 0.986 0.003],['E4_GSR' 'ViveEye_gazeOrigin_R_Y' 'LooxidLink_EEG_A4']
1626276089000000,Provisional-Test-025,channelized,channelized,[0.002 0.002 0.003 0.003 0.987 0.003],[0.002 0.002 0.003 0.003 0.987 0.003],['E4_GSR' 'ViveEye_gazeOrigin_R_Y' 'LooxidLink_EEG_A4']
1626276090000000,Provisional-Test-025,channelized,channelized,[0.002 0.001 0.003 0.003 0.987 0.003],[0.002 0.001 0.003 0.003 0.987 0.003],['E4_GSR' 'ViveEye_gazeOrigin_R_Y' 'LooxidLink_EEG_A4']
1626276091000000,Provisional-Test-025,channelized,channelized,[0.002 0.001 0.003 0.003 0.987 0.003],[0.002 0.001 0.003 0.003 0.987 0.003],['E4_GSR' 'ViveEye_gazeOrigin_R_Y' 'LooxidLink_EEG_A4']
1626276092000000,Provisional-Test-025,channelized,channelized,[0.002 0.002 0.003 0.004 0.986 0.003],[0.002 0.002 0.003 0.004 0.986 0.003],['E4_GSR' 'ViveEye_gazeOrigin_R_Y' 'LooxidLink_EEG_A4']
1626276093000000,Provisional-Test-025,channelized,channelized,[0.002 0.002 0.003 0.005 0.985 0.003],[0.002 0.002 0.003 0.005 0.985 0.003],['E4_GSR' 'ViveEye_gazeOrigin_R_Y' 'LooxidLink_EEG_A4']
1626276094000000,Provisional-Test-025,channelized,channelized,[0.002 0.001 0.003 0.005 0.986 0.003],[0.002 0.001 0.003 0.005 0.986 0.003],['E4_GSR' 'ViveEye_gazeOrigin_R_Y' 'LooxidLink_EEG_A4']
1626276095000000,Provisional-Test-025,channelized,channelized,[0.002 0.002 0.003 0.004 0.985 0.003],[0.002 0.002 0.003 0.004 0.985 0.003],['E4_GSR' 'ViveEye_gazeOrigin_R_Y' 'LooxidLink_EEG_A4']
1626276096000000,Provisional-Test-025,channelized,channelized,[0.005 0.006 0.010 0.012 0.958 0.009],[0.005 0.006 0.010 0.012 0.958 0.009],['E4_GSR' 'ViveEye_gazeOrigin_R_Y' 'LooxidLink_EEG_A4']
1626276097000000,Provisional-Test-025,channelized,channelized,[0.005 0.004 0.019 0.011 0.952 0.009],[0.005 0.004 0.019 0.011 0.952 0.009],['E4_GSR' 'ViveEye_gazeOrigin_R_Y' 'LooxidLink_EEG_A4']
1626276098000000,Provisional-Test-025,channelized,channelized,[0.002 0.001 0.007 0.004 0.982 0.003],[0.002 0.001 0.007 0.004 0.982 0.003],['E4_GSR' 'ViveEye_gazeOrigin_R_Y' 'LooxidLink_EEG_A4']
1626276099000000,Provisional-Test-025,channelized,channelized,[0.004 0.005 0.020 0.009 0.953 0.009],[0.004 0.005 0.020 0.009 0.953 0.009],['E4_GSR' 'ViveEye_gazeOrigin_R_Y' 'LooxidLink_EEG_A4']
1626276100000000,Provisional-Test-025,channelized,channelized,[0.002 0.002 0.008 0.004 0.981 0.003],[0.002 0.002 0.008 0.004 0.981 0.003],['E4_GSR' 'ViveEye_gazeOrigin_R_Y' 'LooxidLink_EEG_A4']
1626276101000000,Provisional-Test-025,channelized,channelized,[0.002 0.002 0.011 0.004 0.977 0.004],[0.002 0.002 0.011 0.004 0.977 0.004],['E4_GSR' 'ViveEye_gazeOrigin_R_Y' 'LooxidLink_EEG_A4']
1626276102000000,Provisional-Test-025,channelized,channelized,[0.009 0.005 0.029 0.013 0.933 0.010],[0.009 0.005 0.029 0.013 0.933 0.010],['E4_GSR' 'ViveEye_gazeOrigin_R_Y' 'LooxidLink_EEG_A4']
1626276103000000,Provisional-Test-025,channelized,channelized,[0.007 0.008 0.034 0.015 0.926 0.012],[0.007 0.008 0.034 0.015 0.926 0.012],['E4_GSR' 'ViveEye_gazeOrigin_R_Y' 'LooxidLink_EEG_A4']
1626276104000000,Provisional-Test-025,channelized,channelized,[0.002 0.002 0.011 0.005 0.976 0.004],[0.002 0.002 0.011 0.005 0.976 0.004],['E4_GSR' 'ViveEye_gazeOrigin_R_Y' 'LooxidLink_EEG_A4']
1626276105000000,Provisional-Test-025,channelized,channelized,[0.003 0.002 0.015 0.007 0.968 0.005],[0.003 0.002 0.015 0.007 0.968 0.005],['E4_GSR' 'ViveEye_gazeOrigin_R_Y' 'LooxidLink_EEG_A4']
1626276106000000,Provisional-Test-025,channelized,channelized,[0.002 0.002 0.009 0.003 0.981 0.003],[0.002 0.002 0.009 0.003 0.981 0.003],['E4_GSR' 'ViveEye_gazeOrigin_R_Y' 'LooxidLink_EEG_A4']
1626276107000000,Provisional-Test-025,channelized,channelized,[0.002 0.002 0.011 0.004 0.977 0.004],[0.002 0.002 0.011 0.004 0.977 0.004],['E4_GSR' 'ViveEye_gazeOrigin_R_Y' 'LooxidLink_EEG_A4']
1626276108000000,Provisional-Test-025,channelized,channelized,[0.002 0.002 0.012 0.003 0.977 0.004],[0.002 0.002 0.012 0.003 0.977 0.004],['E4_GSR' 'ViveEye_gazeOrigin_R_Y' 'LooxidLink_EEG_A4']
1626276109000000,Provisional-Test-025,channelized,channelized,[0.010 0.005 0.037 0.014 0.922 0.011],[0.010 0.005 0.037 0.014 0.922 0.011],['E4_GSR' 'ViveEye_gazeOrigin_R_Y' 'LooxidLink_EEG_A4']
1626276110000000,Provisional-Test-025,channelized,channelized,[0.002 0.002 0.012 0.005 0.976 0.004],[0.002 0.002 0.012 0.005 0.976 0.004],['E4_GSR' 'ViveEye_gazeOrigin_R_Y' 'LooxidLink_EEG_A4']
1626276111000000,Provisional-Test-025,channelized,channelized,[0.002 0.003 0.015 0.004 0.972 0.004],[0.002 0.003 0.015 0.004 0.972 0.004],['E4_GSR' 'ViveEye_gazeOrigin_R_Y' 'LooxidLink_EEG_A4']
1626276112000000,Provisional-Test-025,channelized,channelized,[0.002 0.002 0.013 0.005 0.975 0.004],[0.002 0.002 0.013 0.005 0.975 0.004],['E4_GSR' 'ViveEye_gazeOrigin_R_Y' 'LooxidLink_EEG_A4']
1626276113000000,Provisional-Test-025,channelized,channelized,[0.002 0.002 0.020 0.006 0.965 0.005],[0.002 0.002 0.020 0.006 0.965 0.005],['E4_GSR' 'ViveEye_gazeOrigin_R_Y' 'LooxidLink_EEG_A4']
1626276114000000,Provisional-Test-025,channelized,channelized,[0.003 0.002 0.020 0.005 0.966 0.005],[0.003 0.002 0.020 0.005 0.966 0.005],['E4_GSR' 'ViveEye_gazeOrigin_R_Y' 'LooxidLink_EEG_A4']
1626276115000000,Provisional-Test-025,channelized,channelized,[0.004 0.005 0.017 0.004 0.966 0.004],[0.004 0.005 0.017 0.004 0.966 0.004],['E4_GSR' 'ViveEye_gazeOrigin_R_Y' 'LooxidLink_EEG_A4']
1626276116000000,Provisional-Test-025,channelized,channelized,[0.003 0.002 0.021 0.005 0.963 0.005],[0.003 0.002 0.021 0.005 0.963 0.005],['E4_GSR' 'ViveEye_gazeOrigin_R_Y' 'LooxidLink_EEG_A4']
1626276117000000,Provisional-Test-025,channelized,channelized,[0.007 0.008 0.058 0.018 0.895 0.014],[0.007 0.008 0.058 0.018 0.895 0.014],['E4_GSR' 'ViveEye_gazeOrigin_R_Y' 'LooxidLink_EEG_A4']
1626276118000000,Provisional-Test-025,channelized,channelized,[0.007 0.005 0.039 0.012 0.928 0.009],[0.007 0.005 0.039 0.012 0.928 0.009],['E4_GSR' 'ViveEye_gazeOrigin_R_Y' 'LooxidLink_EEG_A4']
1626276119000000,Provisional-Test-025,channelized,channelized,[0.006 0.006 0.038 0.008 0.933 0.009],[0.006 0.006 0.038 0.008 0.933 0.009],['E4_GSR' 'ViveEye_gazeOrigin_R_Y' 'LooxidLink_EEG_A4']
1626276120000000,Provisional-Test-025,channelized,channelized,[0.005 0.004 0.036 0.008 0.938 0.008],[0.005 0.004 0.036 0.008 0.938 0.008],['E4_GSR' 'ViveEye_gazeOrigin_R_Y' 'LooxidLink_EEG_A4']
1626276121000000,Provisional-Test-025,channelized,channelized,[0.004 0.002 0.019 0.006 0.964 0.004],[0.004 0.002 0.019 0.006 0.964 0.004],['E4_GSR' 'ViveEye_gazeOrigin_R_Y' 'LooxidLink_EEG_A4']
1626276122000000,Provisional-Test-025,channelized,channelized,[0.010 0.009 0.060 0.018 0.888 0.014],[0.010 0.009 0.060 0.018 0.888 0.014],['E4_GSR' 'ViveEye_gazeOrigin_R_Y' 'LooxidLink_EEG_A4']
1626276123000000,Provisional-Test-025,channelized,channelized,[0.010 0.009 0.066 0.014 0.886 0.014],[0.010 0.009 0.066 0.014 0.886 0.014],['E4_GSR' 'ViveEye_gazeOrigin_R_Y' 'LooxidLink_EEG_A4']
1626276124000000,Provisional-Test-025,channelized,channelized,[0.005 0.004 0.037 0.008 0.938 0.008],[0.005 0.004 0.037 0.008 0.938 0.008],['E4_GSR' 'ViveEye_gazeOrigin_R_Y' 'LooxidLink_EEG_A4']
1626276125000000,Provisional-Test-025,channelized,channelized,[0.010 0.008 0.064 0.016 0.888 0.014],[0.010 0.008 0.064 0.016 0.888 0.014],['E4_GSR' 'ViveEye_gazeOrigin_R_Y' 'LooxidLink_EEG_A4']
1626276126000000,Provisional-Test-025,channelized,channelized,[0.004 0.004 0.036 0.010 0.939 0.007],[0.004 0.004 0.036 0.010 0.939 0.007],['E4_GSR' 'ViveEye_gazeOrigin_R_Y' 'LooxidLink_EEG_A4']
1626276127000000,Provisional-Test-025,channelized,channelized,[0.004 0.005 0.038 0.010 0.935 0.008],[0.004 0.005 0.038 0.010 0.935 0.008],['E4_GSR' 'ViveEye_gazeOrigin_R_Y' 'LooxidLink_EEG_A4']
1626276128000000,Provisional-Test-025,channelized,channelized,[0.003 0.002 0.017 0.003 0.971 0.004],[0.003 0.002 0.017 0.003 0.971 0.004],['E4_GSR' 'ViveEye_gazeOrigin_R_Y' 'LooxidLink_EEG_A4']
1626276129000000,Provisional-Test-025,channelized,channelized,[0.010 0.006 0.057 0.014 0.901 0.011],[0.010 0.006 0.057 0.014 0.901 0.011],['E4_GSR' 'ViveEye_gazeOrigin_R_Y' 'LooxidLink_EEG_A4']
1626276130000000,Provisional-Test-025,channelized,channelized,[0.010 0.008 0.065 0.016 0.888 0.013],[0.010 0.008 0.065 0.016 0.888 0.013],['E4_GSR' 'ViveEye_gazeOrigin_R_Y' 'LooxidLink_EEG_A4']
1626276131000000,Provisional-Test-025,channelized,channelized,[0.002 0.002 0.018 0.005 0.970 0.004],[0.002 0.002 0.018 0.005 0.970 0.004],['E4_GSR' 'ViveEye_gazeOrigin_R_Y' 'LooxidLink_EEG_A4']
1626276132000000,Provisional-Test-025,channelized,channelized,[0.003 0.002 0.021 0.005 0.965 0.004],[0.003 0.002 0.021 0.005 0.965 0.004],['E4_GSR' 'ViveEye_gazeOrigin_R_Y' 'LooxidLink_EEG_A4']
1626276133000000,Provisional-Test-025,channelized,channelized,[0.002 0.002 0.020 0.005 0.967 0.004],[0.002 0.002 0.020 0.005 0.967 0.004],['E4_GSR' 'ViveEye_gazeOrigin_R_Y' 'LooxidLink_EEG_A4']
1626276134000000,Provisional-Test-025,channelized,channelized,[0.002 0.002 0.021 0.005 0.966 0.004],[0.002 0.002 0.021 0.005 0.966 0.004],['E4_GSR' 'ViveEye_gazeOrigin_R_Y' 'LooxidLink_EEG_A4']
1626276135000000,Provisional-Test-025,channelized,channelized,[0.002 0.002 0.021 0.004 0.967 0.004],[0.002 0.002 0.021 0.004 0.967 0.004],['E4_GSR' 'ViveEye_gazeOrigin_R_Y' 'LooxidLink_EEG_A4']
1626276136000000,Provisional-Test-025,channelized,channelized,[0.012 0.006 0.071 0.017 0.879 0.013],[0.012 0.006 0.071 0.017 0.879 0.013],['E4_GSR' 'ViveEye_gazeOrigin_R_Y' 'LooxidLink_EEG_A4']
1626276137000000,Provisional-Test-025,channelized,channelized,[0.007 0.006 0.052 0.013 0.912 0.009],[0.007 0.006 0.052 0.013 0.912 0.009],['E4_GSR' 'ViveEye_gazeOrigin_R_Y' 'LooxidLink_EEG_A4']
1626276138000000,Provisional-Test-025,channelized,channelized,[0.002 0.003 0.021 0.004 0.967 0.004],[0.002 0.003 0.021 0.004 0.967 0.004],['E4_GSR' 'ViveEye_gazeOrigin_R_Y' 'LooxidLink_EEG_A4']
1626276139000000,Provisional-Test-025,channelized,channelized,[0.002 0.002 0.020 0.004 0.969 0.004],[0.002 0.002 0.020 0.004 0.969 0.004],['E4_GSR' 'ViveEye_gazeOrigin_R_Y' 'LooxidLink_EEG_A4']
1626276140000000,Provisional-Test-025,channelized,channelized,[0.005 0.004 0.046 0.009 0.928 0.008],[0.005 0.004 0.046 0.009 0.928 0.008],['E4_GSR' 'ViveEye_gazeOrigin_R_Y' 'LooxidLink_EEG_A4']
1626276141000000,Provisional-Test-025,channelized,channelized,[0.006 0.014 0.058 0.010 0.901 0.011],[0.006 0.014 0.058 0.010 0.901 0.011],['E4_GSR' 'ViveEye_gazeOrigin_R_Y' 'LooxidLink_EEG_A4']
1626276142000000,Provisional-Test-025,channelized,channelized,[0.022 0.020 0.075 0.019 0.850 0.014],[0.022 0.020 0.075 0.019 0.850 0.014],['E4_GSR' 'ViveEye_gazeOrigin_R_Y' 'LooxidLink_EEG_A4']
1626276143000000,Provisional-Test-025,channelized,channelized,[0.015 0.012 0.072 0.019 0.868 0.014],[0.015 0.012 0.072 0.019 0.868 0.014],['E4_GSR' 'ViveEye_gazeOrigin_R_Y' 'LooxidLink_EEG_A4']
1626276144000000,Provisional-Test-025,channelized,channelized,[0.002 0.002 0.019 0.005 0.970 0.003],[0.002 0.002 0.019 0.005 0.970 0.003],['E4_GSR' 'ViveEye_gazeOrigin_R_Y' 'LooxidLink_EEG_A4']
1626276145000000,Provisional-Test-025,channelized,channelized,[0.002 0.002 0.018 0.004 0.970 0.003],[0.002 0.002 0.018 0.004 0.970 0.003],['E4_GSR' 'ViveEye_gazeOrigin_R_Y' 'LooxidLink_EEG_A4']
1626276146000000,Provisional-Test-025,channelized,channelized,[0.002 0.002 0.018 0.004 0.971 0.003],[0.002 0.002 0.018 0.004 0.971 0.003],['E4_GSR' 'ViveEye_gazeOrigin_R_Y' 'LooxidLink_EEG_A4']
1626276147000000,Provisional-Test-025,channelized,channelized,[0.003 0.004 0.017 0.004 0.968 0.003],[0.003 0.004 0.017 0.004 0.968 0.003],['E4_GSR' 'ViveEye_gazeOrigin_R_Y' 'LooxidLink_EEG_A4']
1626276148000000,Provisional-Test-025,channelized,channelized,[0.002 0.002 0.021 0.005 0.965 0.004],[0.002 0.002 0.021 0.005 0.965 0.004],['E4_GSR' 'ViveEye_gazeOrigin_R_Y' 'LooxidLink_EEG_A4']
1626276149000000,Provisional-Test-025,channelized,channelized,[0.009 0.009 0.067 0.016 0.887 0.012],[0.009 0.009 0.067 0.016 0.887 0.012],['E4_GSR' 'ViveEye_gazeOrigin_R_Y' 'LooxidLink_EEG_A4']
1626276150000000,Provisional-Test-025,channelized,channelized,[0.006 0.008 0.065 0.012 0.898 0.012],[0.006 0.008 0.065 0.012 0.898 0.012],['E4_GSR' 'ViveEye_gazeOrigin_R_Y' 'LooxidLink_EEG_A4']
1626276151000000,Provisional-Test-025,channelized,channelized,[0.007 0.005 0.059 0.011 0.907 0.011],[0.007 0.005 0.059 0.011 0.907 0.011],['E4_GSR' 'ViveEye_gazeOrigin_R_Y' 'LooxidLink_EEG_A4']
1626276152000000,Provisional-Test-025,channelized,channelized,[0.006 0.005 0.059 0.011 0.907 0.011],[0.006 0.005 0.059 0.011 0.907 0.011],['E4_GSR' 'ViveEye_gazeOrigin_R_Y' 'LooxidLink_EEG_A4']
1626276153000000,Provisional-Test-025,channelized,channelized,[0.011 0.013 0.050 0.012 0.901 0.012],[0.011 0.013 0.050 0.012 0.901 0.012],['E4_GSR' 'ViveEye_gazeOrigin_R_Y' 'LooxidLink_EEG_A4']
1626276154000000,Provisional-Test-025,channelized,channelized,[0.007 0.006 0.035 0.008 0.936 0.008],[0.007 0.006 0.035 0.008 0.936 0.008],['E4_GSR' 'ViveEye_gazeOrigin_R_Y' 'LooxidLink_EEG_A4']
1626276155000000,Provisional-Test-025,channelized,channelized,[0.003 0.002 0.017 0.004 0.970 0.004],[0.003 0.002 0.017 0.004 0.970 0.004],['E4_GSR' 'ViveEye_gazeOrigin_R_Y' 'LooxidLink_EEG_A4']
1626276156000000,Provisional-Test-025,channelized,channelized,[0.002 0.002 0.014 0.003 0.975 0.003],[0.002 0.002 0.014 0.003 0.975 0.003],['E4_GSR' 'ViveEye_gazeOrigin_R_Y' 'LooxidLink_EEG_A4']
1626276157000000,Provisional-Test-025,channelized,channelized,[0.002 0.002 0.018 0.003 0.971 0.003],[0.002 0.002 0.018 0.003 0.971 0.003],['E4_GSR' 'ViveEye_gazeOrigin_R_Y' 'LooxidLink_EEG_A4']
1626276158000000,Provisional-Test-025,channelized,channelized,[0.002 0.002 0.018 0.003 0.971 0.003],[0.002 0.002 0.018 0.003 0.971 0.003],['E4_GSR' 'ViveEye_gazeOrigin_R_Y' 'LooxidLink_EEG_A4']
1626276159000000,Provisional-Test-025,channelized,channelized,[0.002 0.002 0.018 0.003 0.971 0.003],[0.002 0.002 0.018 0.003 0.971 0.003],['E4_GSR' 'ViveEye_gazeOrigin_R_Y' 'LooxidLink_EEG_A4']
1626276160000000,Provisional-Test-025,channelized,channelized,[0.006 0.005 0.043 0.008 0.930 0.008],[0.006 0.005 0.043 0.008 0.930 0.008],['E4_GSR' 'ViveEye_gazeOrigin_R_Y' 'LooxidLink_EEG_A4']
1626276161000000,Provisional-Test-025,channelized,channelized,[0.002 0.002 0.018 0.003 0.972 0.003],[0.002 0.002 0.018 0.003 0.972 0.003],['E4_GSR' 'ViveEye_gazeOrigin_R_Y' 'LooxidLink_EEG_A4']
1626276162000000,Provisional-Test-025,channelized,channelized,[0.002 0.002 0.018 0.003 0.972 0.003],[0.002 0.002 0.018 0.003 0.972 0.003],['E4_GSR' 'ViveEye_gazeOrigin_R_Y' 'LooxidLink_EEG_A4']
1626276163000000,Provisional-Test-025,channelized,channelized,[0.002 0.002 0.020 0.004 0.968 0.004],[0.002 0.002 0.020 0.004 0.968 0.004],['E4_GSR' 'ViveEye_gazeOrigin_R_Y' 'LooxidLink_EEG_A4']
1626276164000000,Provisional-Test-025,channelized,channelized,[0.002 0.002 0.017 0.003 0.972 0.003],[0.002 0.002 0.017 0.003 0.972 0.003],['E4_GSR' 'ViveEye_gazeOrigin_R_Y' 'LooxidLink_EEG_A4']
1626276165000000,Provisional-Test-025,channelized,channelized,[0.002 0.002 0.017 0.003 0.972 0.003],[0.002 0.002 0.017 0.003 0.972 0.003],['E4_GSR' 'ViveEye_gazeOrigin_R_Y' 'LooxidLink_EEG_A4']
1626276166000000,Provisional-Test-025,channelized,channelized,[0.003 0.002 0.017 0.004 0.970 0.003],[0.003 0.002 0.017 0.004 0.970 0.003],['E4_GSR' 'ViveEye_gazeOrigin_R_Y' 'LooxidLink_EEG_A4']
1626276167000000,Provisional-Test-025,channelized,channelized,[0.003 0.002 0.017 0.003 0.972 0.003],[0.003 0.002 0.017 0.003 0.972 0.003],['E4_GSR' 'ViveEye_gazeOrigin_R_Y' 'LooxidLink_EEG_A4']
1626276168000000,Provisional-Test-025,channelized,channelized,[0.002 0.002 0.017 0.003 0.972 0.003],[0.002 0.002 0.017 0.003 0.972 0.003],['E4_GSR' 'ViveEye_gazeOrigin_R_Y' 'LooxidLink_EEG_A4']
1626276169000000,Provisional-Test-025,channelized,channelized,[0.003 0.002 0.017 0.003 0.971 0.003],[0.003 0.002 0.017 0.003 0.971 0.003],['E4_GSR' 'ViveEye_gazeOrigin_R_Y' 'LooxidLink_EEG_A4']
1626276170000000,Provisional-Test-025,channelized,channelized,[0.003 0.002 0.017 0.004 0.971 0.003],[0.003 0.002 0.017 0.004 0.971 0.003],['E4_GSR' 'ViveEye_gazeOrigin_R_Y' 'LooxidLink_EEG_A4']
1626276171000000,Provisional-Test-025,channelized,channelized,[0.016 0.006 0.058 0.015 0.895 0.011],[0.016 0.006 0.058 0.015 0.895 0.011],['E4_GSR' 'ViveEye_gazeOrigin_R_Y' 'LooxidLink_EEG_A4']
1626276172000000,Provisional-Test-025,channelized,channelized,[0.003 0.002 0.017 0.004 0.971 0.003],[0.003 0.002 0.017 0.004 0.971 0.003],['E4_GSR' 'ViveEye_gazeOrigin_R_Y' 'LooxidLink_EEG_A4']
1626276173000000,Provisional-Test-025,channelized,channelized,[0.003 0.002 0.017 0.004 0.971 0.003],[0.003 0.002 0.017 0.004 0.971 0.003],['E4_GSR' 'ViveEye_gazeOrigin_R_Y' 'LooxidLink_EEG_A4']
1626276174000000,Provisional-Test-025,channelized,channelized,[0.003 0.002 0.017 0.004 0.971 0.003],[0.003 0.002 0.017 0.004 0.971 0.003],['E4_GSR' 'ViveEye_gazeOrigin_R_Y' 'LooxidLink_EEG_A4']
1626276175000000,Provisional-Test-025,channelized,channelized,[0.003 0.002 0.017 0.003 0.971 0.003],[0.003 0.002 0.017 0.003 0.971 0.003],['E4_GSR' 'ViveEye_gazeOrigin_R_Y' 'LooxidLink_EEG_A4']
1626276176000000,Provisional-Test-025,channelized,channelized,[0.011 0.007 0.047 0.012 0.915 0.009],[0.011 0.007 0.047 0.012 0.915 0.009],['E4_GSR' 'ViveEye_gazeOrigin_R_Y' 'LooxidLink_EEG_A4']
1626276177000000,Provisional-Test-025,channelized,channelized,[0.006 0.002 0.020 0.005 0.964 0.004],[0.006 0.002 0.020 0.005 0.964 0.004],['E4_GSR' 'ViveEye_gazeOrigin_R_Y' 'LooxidLink_EEG_A4']
1626276618000000,Provisional-Test-025,low,low,[0.986 0.003 0.003 0.002 0.003 0.003],[0.986 0.003 0.003 0.002 0.003 0.003],['E4_GSR' 'ViveEye_gazeOrigin_R_Y' 'LooxidLink_EEG_A4']
1626276619000000,Provisional-Test-025,low,low,[0.960 0.008 0.008 0.007 0.009 0.008],[0.960 0.008 0.008 0.007 0.009 0.008],['E4_GSR' 'ViveEye_gazeOrigin_R_Y' 'LooxidLink_EEG_A4']
1626276620000000,Provisional-Test-025,low,low,[0.957 0.012 0.008 0.007 0.009 0.008],[0.957 0.012 0.008 0.007 0.009 0.008],['E4_GSR' 'ViveEye_gazeOrigin_R_Y' 'LooxidLink_EEG_A4']
1626276621000000,Provisional-Test-025,low,low,[0.954 0.012 0.009 0.007 0.009 0.008],[0.954 0.012 0.009 0.007 0.009 0.008],['E4_GSR' 'ViveEye_gazeOrigin_R_Y' 'LooxidLink_EEG_A4']
1626276622000000,Provisional-Test-025,low,low,[0.949 0.012 0.010 0.009 0.011 0.010],[0.949 0.012 0.010 0.009 0.011 0.010],['E4_GSR' 'ViveEye_gazeOrigin_R_Y' 'LooxidLink_EEG_A4']
1626276623000000,Provisional-Test-025,low,low,[0.945 0.012 0.011 0.009 0.012 0.010],[0.945 0.012 0.011 0.009 0.012 0.010],['E4_GSR' 'ViveEye_gazeOrigin_R_Y' 'LooxidLink_EEG_A4']
1626276624000000,Provisional-Test-025,low,low,[0.837 0.037 0.033 0.028 0.033 0.031],[0.837 0.037 0.033 0.028 0.033 0.031],['E4_GSR' 'ViveEye_gazeOrigin_R_Y' 'LooxidLink_EEG_A4']
1626276625000000,Provisional-Test-025,low,low,[0.930 0.012 0.013 0.012 0.020 0.013],[0.930 0.012 0.013 0.012 0.020 0.013],['E4_GSR' 'ViveEye_gazeOrigin_R_Y' 'LooxidLink_EEG_A4']
1626276626000000,Provisional-Test-025,low,low,[0.942 0.017 0.010 0.009 0.011 0.010],[0.942 0.017 0.010 0.009 0.011 0.010],['E4_GSR' 'ViveEye_gazeOrigin_R_Y' 'LooxidLink_EEG_A4']
1626276627000000,Provisional-Test-025,low,low,[0.946 0.016 0.010 0.008 0.010 0.009],[0.946 0.016 0.010 0.008 0.010 0.009],['E4_GSR' 'ViveEye_gazeOrigin_R_Y' 'LooxidLink_EEG_A4']
1626276628000000,Provisional-Test-025,low,low,[0.943 0.013 0.011 0.009 0.013 0.011],[0.943 0.013 0.011 0.009 0.013 0.011],['E4_GSR' 'ViveEye_gazeOrigin_R_Y' 'LooxidLink_EEG_A4']
1626276629000000,Provisional-Test-025,low,low,[0.926 0.020 0.014 0.012 0.015 0.013],[0.926 0.020 0.014 0.012 0.015 0.013],['E4_GSR' 'ViveEye_gazeOrigin_R_Y' 'LooxidLink_EEG_A4']
1626276630000000,Provisional-Test-025,low,low,[0.916 0.017 0.016 0.018 0.019 0.015],[0.916 0.017 0.016 0.018 0.019 0.015],['E4_GSR' 'ViveEye_gazeOrigin_R_Y' 'LooxidLink_EEG_A4']
1626276631000000,Provisional-Test-025,low,low,[0.928 0.017 0.014 0.012 0.015 0.014],[0.928 0.017 0.014 0.012 0.015 0.014],['E4_GSR' 'ViveEye_gazeOrigin_R_Y' 'LooxidLink_EEG_A4']
1626276632000000,Provisional-Test-025,low,low,[0.705 0.074 0.058 0.049 0.058 0.055],[0.705 0.074 0.058 0.049 0.058 0.055],['E4_GSR' 'ViveEye_gazeOrigin_R_Y' 'LooxidLink_EEG_A4']
1626276633000000,Provisional-Test-025,low,low,[0.844 0.035 0.030 0.025 0.039 0.028],[0.844 0.035 0.030 0.025 0.039 0.028],['E4_GSR' 'ViveEye_gazeOrigin_R_Y' 'LooxidLink_EEG_A4']
1626276634000000,Provisional-Test-025,low,low,[0.844 0.037 0.031 0.026 0.032 0.030],[0.844 0.037 0.031 0.026 0.032 0.030],['E4_GSR' 'ViveEye_gazeOrigin_R_Y' 'LooxidLink_EEG_A4']
1626276635000000,Provisional-Test-025,low,low,[0.824 0.047 0.034 0.029 0.035 0.032],[0.824 0.047 0.034 0.029 0.035 0.032],['E4_GSR' 'ViveEye_gazeOrigin_R_Y' 'LooxidLink_EEG_A4']
1626276636000000,Provisional-Test-025,low,low,[0.813 0.064 0.032 0.027 0.034 0.030],[0.813 0.064 0.032 0.027 0.034 0.030],['E4_GSR' 'ViveEye_gazeOrigin_R_Y' 'LooxidLink_EEG_A4']
1626276637000000,Provisional-Test-025,low,low,[0.818 0.063 0.031 0.026 0.033 0.030],[0.818 0.063 0.031 0.026 0.033 0.030],['E4_GSR' 'ViveEye_gazeOrigin_R_Y' 'LooxidLink_EEG_A4']
1626276638000000,Provisional-Test-025,low,low,[0.866 0.034 0.026 0.022 0.027 0.025],[0.866 0.034 0.026 0.022 0.027 0.025],['E4_GSR' 'ViveEye_gazeOrigin_R_Y' 'LooxidLink_EEG_A4']
1626276639000000,Provisional-Test-025,low,low,[0.881 0.042 0.020 0.017 0.021 0.019],[0.881 0.042 0.020 0.017 0.021 0.019],['E4_GSR' 'ViveEye_gazeOrigin_R_Y' 'LooxidLink_EEG_A4']
1626276640000000,Provisional-Test-025,low,low,[0.738 0.095 0.043 0.037 0.046 0.041],[0.738 0.095 0.043 0.037 0.046 0.041],['E4_GSR' 'ViveEye_gazeOrigin_R_Y' 'LooxidLink_EEG_A4']
1626276641000000,Provisional-Test-025,low,low,[0.932 0.017 0.013 0.011 0.015 0.012],[0.932 0.017 0.013 0.011 0.015 0.012],['E4_GSR' 'ViveEye_gazeOrigin_R_Y' 'LooxidLink_EEG_A4']
1626276642000000,Provisional-Test-025,low,low,[0.922 0.025 0.014 0.012 0.015 0.013],[0.922 0.025 0.014 0.012 0.015 0.013],['E4_GSR' 'ViveEye_gazeOrigin_R_Y' 'LooxidLink_EEG_A4']
1626276643000000,Provisional-Test-025,low,low,[0.902 0.028 0.022 0.013 0.021 0.015],[0.902 0.028 0.022 0.013 0.021 0.015],['E4_GSR' 'ViveEye_gazeOrigin_R_Y' 'LooxidLink_EEG_A4']
1626276644000000,Provisional-Test-025,low,low,[0.982 0.006 0.004 0.002 0.003 0.003],[0.982 0.006 0.004 0.002 0.003 0.003],['E4_GSR' 'ViveEye_gazeOrigin_R_Y' 'LooxidLink_EEG_A4']
1626276645000000,Provisional-Test-025,low,low,[0.979 0.007 0.005 0.003 0.003 0.003],[0.979 0.007 0.005 0.003 0.003 0.003],['E4_GSR' 'ViveEye_gazeOrigin_R_Y' 'LooxidLink_EEG_A4']
1626276646000000,Provisional-Test-025,low,low,[0.973 0.006 0.006 0.004 0.007 0.004],[0.973 0.006 0.006 0.004 0.007 0.004],['E4_GSR' 'ViveEye_gazeOrigin_R_Y' 'LooxidLink_EEG_A4']
1626276647000000,Provisional-Test-025,low,low,[0.978 0.007 0.005 0.003 0.005 0.003],[0.978 0.007 0.005 0.003 0.005 0.003],['E4_GSR' 'ViveEye_gazeOrigin_R_Y' 'LooxidLink_EEG_A4']
1626276648000000,Provisional-Test-025,low,low,[0.976 0.006 0.005 0.003 0.006 0.004],[0.976 0.006 0.005 0.003 0.006 0.004],['E4_GSR' 'ViveEye_gazeOrigin_R_Y' 'LooxidLink_EEG_A4']
1626276649000000,Provisional-Test-025,low,low,[0.982 0.005 0.004 0.002 0.005 0.003],[0.982 0.005 0.004 0.002 0.005 0.003],['E4_GSR' 'ViveEye_gazeOrigin_R_Y' 'LooxidLink_EEG_A4']
1626276650000000,Provisional-Test-025,low,low,[0.972 0.009 0.006 0.004 0.005 0.004],[0.972 0.009 0.006 0.004 0.005 0.004],['E4_GSR' 'ViveEye_gazeOrigin_R_Y' 'LooxidLink_EEG_A4']
1626276651000000,Provisional-Test-025,low,low,[0.944 0.016 0.013 0.007 0.011 0.008],[0.944 0.016 0.013 0.007 0.011 0.008],['E4_GSR' 'ViveEye_gazeOrigin_R_Y' 'LooxidLink_EEG_A4']
1626276652000000,Provisional-Test-025,low,low,[0.959 0.014 0.009 0.005 0.006 0.006],[0.959 0.014 0.009 0.005 0.006 0.006],['E4_GSR' 'ViveEye_gazeOrigin_R_Y' 'LooxidLink_EEG_A4']
1626276653000000,Provisional-Test-025,low,low,[0.940 0.022 0.013 0.007 0.009 0.008],[0.940 0.022 0.013 0.007 0.009 0.008],['E4_GSR' 'ViveEye_gazeOrigin_R_Y' 'LooxidLink_EEG_A4']
1626276654000000,Provisional-Test-025,low,low,[0.930 0.017 0.015 0.013 0.015 0.010],[0.930 0.017 0.015 0.013 0.015 0.010],['E4_GSR' 'ViveEye_gazeOrigin_R_Y' 'LooxidLink_EEG_A4']
1626276655000000,Provisional-Test-025,low,low,[0.974 0.007 0.006 0.005 0.004 0.004],[0.974 0.007 0.006 0.005 0.004 0.004],['E4_GSR' 'ViveEye_gazeOrigin_R_Y' 'LooxidLink_EEG_A4']
1626276656000000,Provisional-Test-025,low,low,[0.978 0.007 0.005 0.003 0.004 0.003],[0.978 0.007 0.005 0.003 0.004 0.003],['E4_GSR' 'ViveEye_gazeOrigin_R_Y' 'LooxidLink_EEG_A4']
1626276657000000,Provisional-Test-025,low,low,[0.972 0.009 0.006 0.004 0.005 0.004],[0.972 0.009 0.006 0.004 0.005 0.004],['E4_GSR' 'ViveEye_gazeOrigin_R_Y' 'LooxidLink_EEG_A4']
1626276658000000,Provisional-Test-025,low,low,[0.953 0.012 0.012 0.007 0.008 0.008],[0.953 0.012 0.012 0.007 0.008 0.008],['E4_GSR' 'ViveEye_gazeOrigin_R_Y' 'LooxidLink_EEG_A4']
1626276659000000,Provisional-Test-025,low,low,[0.941 0.017 0.015 0.009 0.009 0.010],[0.941 0.017 0.015 0.009 0.009 0.010],['E4_GSR' 'ViveEye_gazeOrigin_R_Y' 'LooxidLink_EEG_A4']
1626276660000000,Provisional-Test-025,low,low,[0.948 0.012 0.013 0.008 0.010 0.009],[0.948 0.012 0.013 0.008 0.010 0.009],['E4_GSR' 'ViveEye_gazeOrigin_R_Y' 'LooxidLink_EEG_A4']
1626276661000000,Provisional-Test-025,low,low,[0.929 0.026 0.015 0.009 0.011 0.010],[0.929 0.026 0.015 0.009 0.011 0.010],['E4_GSR' 'ViveEye_gazeOrigin_R_Y' 'LooxidLink_EEG_A4']
1626276662000000,Provisional-Test-025,low,low,[0.948 0.013 0.012 0.007 0.013 0.008],[0.948 0.013 0.012 0.007 0.013 0.008],['E4_GSR' 'ViveEye_gazeOrigin_R_Y' 'LooxidLink_EEG_A4']
1626276663000000,Provisional-Test-025,low,low,[0.894 0.021 0.046 0.011 0.014 0.013],[0.894 0.021 0.046 0.011 0.014 0.013],['E4_GSR' 'ViveEye_gazeOrigin_R_Y' 'LooxidLink_EEG_A4']
1626276664000000,Provisional-Test-025,low,low,[0.902 0.023 0.035 0.010 0.020 0.011],[0.902 0.023 0.035 0.010 0.020 0.011],['E4_GSR' 'ViveEye_gazeOrigin_R_Y' 'LooxidLink_EEG_A4']
1626276665000000,Provisional-Test-025,low,low,[0.927 0.014 0.031 0.008 0.011 0.009],[0.927 0.014 0.031 0.008 0.011 0.009],['E4_GSR' 'ViveEye_gazeOrigin_R_Y' 'LooxidLink_EEG_A4']
1626276666000000,Provisional-Test-025,low,low,[0.909 0.018 0.039 0.009 0.014 0.010],[0.909 0.018 0.039 0.009 0.014 0.010],['E4_GSR' 'ViveEye_gazeOrigin_R_Y' 'LooxidLink_EEG_A4']
1626276667000000,Provisional-Test-025,low,low,[0.923 0.011 0.038 0.009 0.010 0.010],[0.923 0.011 0.038 0.009 0.010 0.010],['E4_GSR' 'ViveEye_gazeOrigin_R_Y' 'LooxidLink_EEG_A4']
1626276668000000,Provisional-Test-025,low,low,[0.722 0.049 0.131 0.030 0.035 0.034],[0.722 0.049 0.131 0.030 0.035 0.034],['E4_GSR' 'ViveEye_gazeOrigin_R_Y' 'LooxidLink_EEG_A4']
1626276669000000,Provisional-Test-025,low,low,[0.744 0.057 0.112 0.026 0.032 0.029],[0.744 0.057 0.112 0.026 0.032 0.029],['E4_GSR' 'ViveEye_gazeOrigin_R_Y' 'LooxidLink_EEG_A4']
1626276670000000,Provisional-Test-025,low,low,[0.708 0.051 0.149 0.027 0.034 0.031],[0.708 0.051 0.149 0.027 0.034 0.031],['E4_GSR' 'ViveEye_gazeOrigin_R_Y' 'LooxidLink_EEG_A4']
1626276671000000,Provisional-Test-025,low,low,[0.753 0.038 0.129 0.024 0.030 0.027],[0.753 0.038 0.129 0.024 0.030 0.027],['E4_GSR' 'ViveEye_gazeOrigin_R_Y' 'LooxidLink_EEG_A4']
1626276672000000,Provisional-Test-025,low,low,[0.754 0.044 0.125 0.023 0.027 0.026],[0.754 0.044 0.125 0.023 0.027 0.026],['E4_GSR' 'ViveEye_gazeOrigin_R_Y' 'LooxidLink_EEG_A4']
1626276673000000,Provisional-Test-025,low,low,[0.673 0.065 0.164 0.029 0.036 0.033],[0.673 0.065 0.164 0.029 0.036 0.033],['E4_GSR' 'ViveEye_gazeOrigin_R_Y' 'LooxidLink_EEG_A4']
1626276674000000,Provisional-Test-025,low,low,[0.708 0.045 0.151 0.027 0.038 0.031],[0.708 0.045 0.151 0.027 0.038 0.031],['E4_GSR' 'ViveEye_gazeOrigin_R_Y' 'LooxidLink_EEG_A4']
1626276675000000,Provisional-Test-025,low,low,[0.658 0.061 0.176 0.031 0.038 0.036],[0.658 0.061 0.176 0.031 0.038 0.036],['E4_GSR' 'ViveEye_gazeOrigin_R_Y' 'LooxidLink_EEG_A4']
1626276676000000,Provisional-Test-025,low,low,[0.713 0.051 0.142 0.025 0.040 0.029],[0.713 0.051 0.142 0.025 0.040 0.029],['E4_GSR' 'ViveEye_gazeOrigin_R_Y' 'LooxidLink_EEG_A4']
1626276677000000,Provisional-Test-025,low,low,[0.745 0.043 0.132 0.023 0.031 0.026],[0.745 0.043 0.132 0.023 0.031 0.026],['E4_GSR' 'ViveEye_gazeOrigin_R_Y' 'LooxidLink_EEG_A4']
1626276678000000,Provisional-Test-025,low,low,[0.720 0.062 0.143 0.023 0.025 0.026],[0.720 0.062 0.143 0.023 0.025 0.026],['E4_GSR' 'ViveEye_gazeOrigin_R_Y' 'LooxidLink_EEG_A4']
1626276679000000,Provisional-Test-025,low,low,[0.766 0.036 0.124 0.022 0.027 0.025],[0.766 0.036 0.124 0.022 0.027 0.025],['E4_GSR' 'ViveEye_gazeOrigin_R_Y' 'LooxidLink_EEG_A4']
1626276680000000,Provisional-Test-025,low,low,[0.626 0.073 0.197 0.032 0.036 0.036],[0.626 0.073 0.197 0.032 0.036 0.036],['E4_GSR' 'ViveEye_gazeOrigin_R_Y' 'LooxidLink_EEG_A4']
1626276681000000,Provisional-Test-025,low,low,[0.393 0.108 0.305 0.052 0.084 0.058],[0.393 0.108 0.305 0.052 0.084 0.058],['E4_GSR' 'ViveEye_gazeOrigin_R_Y' 'LooxidLink_EEG_A4']
1626276682000000,Provisional-Test-025,low,low,[0.515 0.080 0.253 0.044 0.061 0.049],[0.515 0.080 0.253 0.044 0.061 0.049],['E4_GSR' 'ViveEye_gazeOrigin_R_Y' 'LooxidLink_EEG_A4']
1626276683000000,Provisional-Test-025,low,low,[0.452 0.120 0.271 0.047 0.058 0.053],[0.452 0.120 0.271 0.047 0.058 0.053],['E4_GSR' 'ViveEye_gazeOrigin_R_Y' 'LooxidLink_EEG_A4']
1626276684000000,Provisional-Test-025,low,low,[0.508 0.109 0.248 0.042 0.046 0.047],[0.508 0.109 0.248 0.042 0.046 0.047],['E4_GSR' 'ViveEye_gazeOrigin_R_Y' 'LooxidLink_EEG_A4']
1626276685000000,Provisional-Test-025,low,low,[0.530 0.075 0.254 0.042 0.052 0.047],[0.530 0.075 0.254 0.042 0.052 0.047],['E4_GSR' 'ViveEye_gazeOrigin_R_Y' 'LooxidLink_EEG_A4']
1626276686000000,Provisional-Test-025,low,low,[0.388 0.113 0.330 0.053 0.057 0.059],[0.388 0.113 0.330 0.053 0.057 0.059],['E4_GSR' 'ViveEye_gazeOrigin_R_Y' 'LooxidLink_EEG_A4']
1626276687000000,Provisional-Test-025,low,low,[0.426 0.122 0.293 0.047 0.059 0.053],[0.426 0.122 0.293 0.047 0.059 0.053],['E4_GSR' 'ViveEye_gazeOrigin_R_Y' 'LooxidLink_EEG_A4']
1626276688000000,Provisional-Test-025,low,low,[0.457 0.092 0.292 0.048 0.058 0.054],[0.457 0.092 0.292 0.048 0.058 0.054],['E4_GSR' 'ViveEye_gazeOrigin_R_Y' 'LooxidLink_EEG_A4']
1626276689000000,Provisional-Test-025,low,low,[0.428 0.089 0.311 0.051 0.064 0.057],[0.428 0.089 0.311 0.051 0.064 0.057],['E4_GSR' 'ViveEye_gazeOrigin_R_Y' 'LooxidLink_EEG_A4']
1626276690000000,Provisional-Test-025,low,low,[0.332 0.122 0.312 0.068 0.108 0.058],[0.332 0.122 0.312 0.068 0.108 0.058],['E4_GSR' 'ViveEye_gazeOrigin_R_Y' 'LooxidLink_EEG_A4']
1626276691000000,Provisional-Test-025,low,low,[0.468 0.072 0.297 0.049 0.060 0.054],[0.468 0.072 0.297 0.049 0.060 0.054],['E4_GSR' 'ViveEye_gazeOrigin_R_Y' 'LooxidLink_EEG_A4']
1626276692000000,Provisional-Test-025,low,low,[0.501 0.083 0.269 0.044 0.054 0.049],[0.501 0.083 0.269 0.044 0.054 0.049],['E4_GSR' 'ViveEye_gazeOrigin_R_Y' 'LooxidLink_EEG_A4']
1626276693000000,Provisional-Test-025,low,low,[0.373 0.120 0.320 0.064 0.065 0.058],[0.373 0.120 0.320 0.064 0.065 0.058],['E4_GSR' 'ViveEye_gazeOrigin_R_Y' 'LooxidLink_EEG_A4']
1626276694000000,Provisional-Test-025,low,low,[0.514 0.053 0.280 0.046 0.057 0.051],[0.514 0.053 0.280 0.046 0.057 0.051],['E4_GSR' 'ViveEye_gazeOrigin_R_Y' 'LooxidLink_EEG_A4']
1626276695000000,Provisional-Test-025,low,low,[0.455 0.088 0.295 0.048 0.060 0.054],[0.455 0.088 0.295 0.048 0.060 0.054],['E4_GSR' 'ViveEye_gazeOrigin_R_Y' 'LooxidLink_EEG_A4']
1626276696000000,Provisional-Test-025,low,low,[0.508 0.058 0.261 0.042 0.084 0.047],[0.508 0.058 0.261 0.042 0.084 0.047],['E4_GSR' 'ViveEye_gazeOrigin_R_Y' 'LooxidLink_EEG_A4']
1626276697000000,Provisional-Test-025,low,low,[0.492 0.090 0.269 0.044 0.057 0.049],[0.492 0.090 0.269 0.044 0.057 0.049],['E4_GSR' 'ViveEye_gazeOrigin_R_Y' 'LooxidLink_EEG_A4']
1626276698000000,Provisional-Test-025,low,low,[0.475 0.101 0.272 0.044 0.058 0.050],[0.475 0.101 0.272 0.044 0.058 0.050],['E4_GSR' 'ViveEye_gazeOrigin_R_Y' 'LooxidLink_EEG_A4']
1626276699000000,Provisional-Test-025,low,low,[0.434 0.093 0.308 0.049 0.060 0.056],[0.434 0.093 0.308 0.049 0.060 0.056],['E4_GSR' 'ViveEye_gazeOrigin_R_Y' 'LooxidLink_EEG_A4']
1626276700000000,Provisional-Test-025,low,low,[0.394 0.118 0.307 0.063 0.062 0.056],[0.394 0.118 0.307 0.063 0.062 0.056],['E4_GSR' 'ViveEye_gazeOrigin_R_Y' 'LooxidLink_EEG_A4']
1626276701000000,Provisional-Test-025,low,low,[0.391 0.115 0.320 0.052 0.064 0.058],[0.391 0.115 0.320 0.052 0.064 0.058],['E4_GSR' 'ViveEye_gazeOrigin_R_Y' 'LooxidLink_EEG_A4']
1626276702000000,Provisional-Test-025,low,low,[0.432 0.096 0.305 0.049 0.062 0.056],[0.432 0.096 0.305 0.049 0.062 0.056],['E4_GSR' 'ViveEye_gazeOrigin_R_Y' 'LooxidLink_EEG_A4']
1626276703000000,Provisional-Test-025,low,low,[0.566 0.090 0.222 0.036 0.045 0.041],[0.566 0.090 0.222 0.036 0.045 0.041],['E4_GSR' 'ViveEye_gazeOrigin_R_Y' 'LooxidLink_EEG_A4']
1626276704000000,Provisional-Test-025,low,low,[0.499 0.071 0.257 0.042 0.084 0.048],[0.499 0.071 0.257 0.042 0.084 0.048],['E4_GSR' 'ViveEye_gazeOrigin_R_Y' 'LooxidLink_EEG_A4']
1626276705000000,Provisional-Test-025,low,low,[0.605 0.075 0.203 0.033 0.045 0.038],[0.605 0.075 0.203 0.033 0.045 0.038],['E4_GSR' 'ViveEye_gazeOrigin_R_Y' 'LooxidLink_EEG_A4']
1626276706000000,Provisional-Test-025,low,low,[0.637 0.081 0.183 0.030 0.034 0.034],[0.637 0.081 0.183 0.030 0.034 0.034],['E4_GSR' 'ViveEye_gazeOrigin_R_Y' 'LooxidLink_EEG_A4']
1626276707000000,Provisional-Test-025,low,low,[0.709 0.064 0.140 0.023 0.038 0.026],[0.709 0.064 0.140 0.023 0.038 0.026],['E4_GSR' 'ViveEye_gazeOrigin_R_Y' 'LooxidLink_EEG_A4']
1626276708000000,Provisional-Test-025,low,low,[0.653 0.062 0.183 0.030 0.038 0.034],[0.653 0.062 0.183 0.030 0.038 0.034],['E4_GSR' 'ViveEye_gazeOrigin_R_Y' 'LooxidLink_EEG_A4']
1626276709000000,Provisional-Test-025,medium,medium,[0.086 0.861 0.014 0.012 0.015 0.013],[0.086 0.861 0.014 0.012 0.015 0.013],['E4_GSR' 'ViveEye_gazeOrigin_R_Y' 'LooxidLink_EEG_A4']
1626276710000000,Provisional-Test-025,medium,medium,[0.034 0.928 0.012 0.006 0.014 0.007],[0.034 0.928 0.012 0.006 0.014 0.007],['E4_GSR' 'ViveEye_gazeOrigin_R_Y' 'LooxidLink_EEG_A4']
1626276711000000,Provisional-Test-025,low,low,[0.443 0.268 0.098 0.050 0.086 0.056],[0.443 0.268 0.098 0.050 0.086 0.056],['E4_GSR' 'ViveEye_gazeOrigin_R_Y' 'LooxidLink_EEG_A4']
1626276712000000,Provisional-Test-025,low,low,[0.356 0.304 0.110 0.056 0.110 0.063],[0.356 0.304 0.110 0.056 0.110 0.063],['E4_GSR' 'ViveEye_gazeOrigin_R_Y' 'LooxidLink_EEG_A4']
1626276713000000,Provisional-Test-025,low,low,[0.421 0.203 0.129 0.068 0.102 0.075],[0.421 0.203 0.129 0.068 0.102 0.075],['E4_GSR' 'ViveEye_gazeOrigin_R_Y' 'LooxidLink_EEG_A4']
1626276714000000,Provisional-Test-025,low,low,[0.492 0.166 0.120 0.062 0.090 0.070],[0.492 0.166 0.120 0.062 0.090 0.070],['E4_GSR' 'ViveEye_gazeOrigin_R_Y' 'LooxidLink_EEG_A4']
1626276715000000,Provisional-Test-025,low,low,[0.510 0.150 0.122 0.063 0.083 0.072],[0.510 0.150 0.122 0.063 0.083 0.072],['E4_GSR' 'ViveEye_gazeOrigin_R_Y' 'LooxidLink_EEG_A4']
1626276716000000,Provisional-Test-025,low,low,[0.590 0.127 0.099 0.052 0.072 0.059],[0.590 0.127 0.099 0.052 0.072 0.059],['E4_GSR' 'ViveEye_gazeOrigin_R_Y' 'LooxidLink_EEG_A4']
1626276717000000,Provisional-Test-025,low,low,[0.682 0.128 0.068 0.037 0.045 0.041],[0.682 0.128 0.068 0.037 0.045 0.041],['E4_GSR' 'ViveEye_gazeOrigin_R_Y' 'LooxidLink_EEG_A4']
1626276718000000,Provisional-Test-025,low,low,[0.501 0.172 0.104 0.054 0.108 0.060],[0.501 0.172 0.104 0.054 0.108 0.060],['E4_GSR' 'ViveEye_gazeOrigin_R_Y' 'LooxidLink_EEG_A4']
1626276719000000,Provisional-Test-025,low,low,[0.498 0.195 0.076 0.057 0.110 0.064],[0.498 0.195 0.076 0.057 0.110 0.064],['E4_GSR' 'ViveEye_gazeOrigin_R_Y' 'LooxidLink_EEG_A4']
1626276720000000,Provisional-Test-025,low,low,[0.563 0.160 0.079 0.057 0.075 0.065],[0.563 0.160 0.079 0.057 0.075 0.065],['E4_GSR' 'ViveEye_gazeOrigin_R_Y' 'LooxidLink_EEG_A4']
1626276721000000,Provisional-Test-025,low,low,[0.562 0.158 0.079 0.057 0.079 0.064],[0.562 0.158 0.079 0.057 0.079 0.064],['E4_GSR' 'ViveEye_gazeOrigin_R_Y' 'LooxidLink_EEG_A4']
1626276722000000,Provisional-Test-025,low,low,[0.585 0.151 0.067 0.049 0.094 0.055],[0.585 0.151 0.067 0.049 0.094 0.055],['E4_GSR' 'ViveEye_gazeOrigin_R_Y' 'LooxidLink_EEG_A4']
1626276723000000,Provisional-Test-025,low,low,[0.658 0.108 0.068 0.049 0.061 0.055],[0.658 0.108 0.068 0.049 0.061 0.055],['E4_GSR' 'ViveEye_gazeOrigin_R_Y' 'LooxidLink_EEG_A4']
1626276724000000,Provisional-Test-025,low,low,[0.665 0.122 0.062 0.045 0.055 0.051],[0.665 0.122 0.062 0.045 0.055 0.051],['E4_GSR' 'ViveEye_gazeOrigin_R_Y' 'LooxidLink_EEG_A4']
1626276725000000,Provisional-Test-025,low,low,[0.626 0.115 0.076 0.053 0.070 0.060],[0.626 0.115 0.076 0.053 0.070 0.060],['E4_GSR' 'ViveEye_gazeOrigin_R_Y' 'LooxidLink_EEG_A4']
1626276963000000,Provisional-Test-025,medium,medium,[0.004 0.987 0.004 0.001 0.002 0.002],[0.004 0.987 0.004 0.001 0.002 0.002],['E4_GSR' 'ViveEye_gazeOrigin_R_Y' 'LooxidLink_EEG_A4']
1626276964000000,Provisional-Test-025,medium,medium,[0.002 0.989 0.004 0.002 0.002 0.001],[0.002 0.989 0.004 0.002 0.002 0.001],['E4_GSR' 'ViveEye_gazeOrigin_R_Y' 'LooxidLink_EEG_A4']
1626276965000000,Provisional-Test-025,medium,medium,[0.002 0.994 0.002 0.001 0.001 0.001],[0.002 0.994 0.002 0.001 0.001 0.001],['E4_GSR' 'ViveEye_gazeOrigin_R_Y' 'LooxidLink_EEG_A4']
1626276966000000,Provisional-Test-025,medium,medium,[0.005 0.989 0.002 0.001 0.001 0.001],[0.005 0.989 0.002 0.001 0.001 0.001],['E4_GSR' 'ViveEye_gazeOrigin_R_Y' 'LooxidLink_EEG_A4']
1626276967000000,Provisional-Test-025,medium,medium,[0.005 0.990 0.002 0.001 0.001 0.001],[0.005 0.990 0.002 0.001 0.001 0.001],['E4_GSR' 'ViveEye_gazeOrigin_R_Y' 'LooxidLink_EEG_A4']
1626276968000000,Provisional-Test-025,medium,medium,[0.004 0.992 0.002 0.001 0.001 0.001],[0.004 0.992 0.002 0.001 0.001 0.001],['E4_GSR' 'ViveEye_gazeOrigin_R_Y' 'LooxidLink_EEG_A4']
1626276969000000,Provisional-Test-025,medium,medium,[0.006 0.989 0.002 0.001 0.001 0.001],[0.006 0.989 0.002 0.001 0.001 0.001],['E4_GSR' 'ViveEye_gazeOrigin_R_Y' 'LooxidLink_EEG_A4']
1626276970000000,Provisional-Test-025,medium,medium,[0.003 0.991 0.002 0.003 0.001 0.001],[0.003 0.991 0.002 0.003 0.001 0.001],['E4_GSR' 'ViveEye_gazeOrigin_R_Y' 'LooxidLink_EEG_A4']
1626276971000000,Provisional-Test-025,medium,medium,[0.003 0.989 0.002 0.003 0.001 0.001],[0.003 0.989 0.002 0.003 0.001 0.001],['E4_GSR' 'ViveEye_gazeOrigin_R_Y' 'LooxidLink_EEG_A4']
1626276972000000,Provisional-Test-025,medium,medium,[0.005 0.987 0.002 0.004 0.001 0.001],[0.005 0.987 0.002 0.004 0.001 0.001],['E4_GSR' 'ViveEye_gazeOrigin_R_Y' 'LooxidLink_EEG_A4']
1626276973000000,Provisional-Test-025,medium,medium,[0.003 0.991 0.002 0.003 0.001 0.001],[0.003 0.991 0.002 0.003 0.001 0.001],['E4_GSR' 'ViveEye_gazeOrigin_R_Y' 'LooxidLink_EEG_A4']
1626276974000000,Provisional-Test-025,medium,medium,[0.004 0.989 0.002 0.003 0.001 0.001],[0.004 0.989 0.002 0.003 0.001 0.001],['E4_GSR' 'ViveEye_gazeOrigin_R_Y' 'LooxidLink_EEG_A4']
1626276975000000,Provisional-Test-025,medium,medium,[0.006 0.982 0.003 0.005 0.002 0.001],[0.006 0.982 0.003 0.005 0.002 0.001],['E4_GSR' 'ViveEye_gazeOrigin_R_Y' 'LooxidLink_EEG_A4']
1626276976000000,Provisional-Test-025,medium,medium,[0.004 0.988 0.002 0.004 0.002 0.001],[0.004 0.988 0.002 0.004 0.002 0.001],['E4_GSR' 'ViveEye_gazeOrigin_R_Y' 'LooxidLink_EEG_A4']
1626276977000000,Provisional-Test-025,medium,medium,[0.003 0.989 0.002 0.003 0.001 0.001],[0.003 0.989 0.002 0.003 0.001 0.001],['E4_GSR' 'ViveEye_gazeOrigin_R_Y' 'LooxidLink_EEG_A4']
1626276978000000,Provisional-Test-025,medium,medium,[0.004 0.990 0.002 0.001 0.001 0.001],[0.004 0.990 0.002 0.001 0.001 0.001],['E4_GSR' 'ViveEye_gazeOrigin_R_Y' 'LooxidLink_EEG_A4']
1626276979000000,Provisional-Test-025,medium,medium,[0.004 0.991 0.002 0.001 0.001 0.001],[0.004 0.991 0.002 0.001 0.001 0.001],['E4_GSR' 'ViveEye_gazeOrigin_R_Y' 'LooxidLink_EEG_A4']
1626276980000000,Provisional-Test-025,medium,medium,[0.004 0.992 0.002 0.001 0.001 0.001],[0.004 0.992 0.002 0.001 0.001 0.001],['E4_GSR' 'ViveEye_gazeOrigin_R_Y' 'LooxidLink_EEG_A4']
1626276981000000,Provisional-Test-025,medium,medium,[0.006 0.988 0.002 0.001 0.001 0.001],[0.006 0.988 0.002 0.001 0.001 0.001],['E4_GSR' 'ViveEye_gazeOrigin_R_Y' 'LooxidLink_EEG_A4']
1626276982000000,Provisional-Test-025,medium,medium,[0.004 0.991 0.002 0.001 0.001 0.001],[0.004 0.991 0.002 0.001 0.001 0.001],['E4_GSR' 'ViveEye_gazeOrigin_R_Y' 'LooxidLink_EEG_A4']
1626276983000000,Provisional-Test-025,medium,medium,[0.006 0.989 0.002 0.001 0.001 0.001],[0.006 0.989 0.002 0.001 0.001 0.001],['E4_GSR' 'ViveEye_gazeOrigin_R_Y' 'LooxidLink_EEG_A4']
1626276984000000,Provisional-Test-025,medium,medium,[0.004 0.992 0.002 0.001 0.001 0.001],[0.004 0.992 0.002 0.001 0.001 0.001],['E4_GSR' 'ViveEye_gazeOrigin_R_Y' 'LooxidLink_EEG_A4']
1626276985000000,Provisional-Test-025,medium,medium,[0.005 0.990 0.002 0.001 0.001 0.001],[0.005 0.990 0.002 0.001 0.001 0.001],['E4_GSR' 'ViveEye_gazeOrigin_R_Y' 'LooxidLink_EEG_A4']
1626276986000000,Provisional-Test-025,medium,medium,[0.005 0.991 0.002 0.001 0.001 0.001],[0.005 0.991 0.002 0.001 0.001 0.001],['E4_GSR' 'ViveEye_gazeOrigin_R_Y' 'LooxidLink_EEG_A4']
1626276987000000,Provisional-Test-025,medium,medium,[0.008 0.985 0.002 0.001 0.002 0.001],[0.008 0.985 0.002 0.001 0.002 0.001],['E4_GSR' 'ViveEye_gazeOrigin_R_Y' 'LooxidLink_EEG_A4']
1626276988000000,Provisional-Test-025,medium,medium,[0.005 0.991 0.002 0.001 0.001 0.001],[0.005 0.991 0.002 0.001 0.001 0.001],['E4_GSR' 'ViveEye_gazeOrigin_R_Y' 'LooxidLink_EEG_A4']
1626276989000000,Provisional-Test-025,medium,medium,[0.005 0.991 0.002 0.001 0.001 0.001],[0.005 0.991 0.002 0.001 0.001 0.001],['E4_GSR' 'ViveEye_gazeOrigin_R_Y' 'LooxidLink_EEG_A4']
1626276990000000,Provisional-Test-025,medium,medium,[0.006 0.988 0.002 0.001 0.001 0.001],[0.006 0.988 0.002 0.001 0.001 0.001],['E4_GSR' 'ViveEye_gazeOrigin_R_Y' 'LooxidLink_EEG_A4']
1626276991000000,Provisional-Test-025,medium,medium,[0.005 0.990 0.002 0.001 0.001 0.001],[0.005 0.990 0.002 0.001 0.001 0.001],['E4_GSR' 'ViveEye_gazeOrigin_R_Y' 'LooxidLink_EEG_A4']
1626276992000000,Provisional-Test-025,medium,medium,[0.005 0.990 0.002 0.001 0.001 0.001],[0.005 0.990 0.002 0.001 0.001 0.001],['E4_GSR' 'ViveEye_gazeOrigin_R_Y' 'LooxidLink_EEG_A4']
1626276993000000,Provisional-Test-025,medium,medium,[0.006 0.989 0.002 0.001 0.002 0.001],[0.006 0.989 0.002 0.001 0.002 0.001],['E4_GSR' 'ViveEye_gazeOrigin_R_Y' 'LooxidLink_EEG_A4']
1626276994000000,Provisional-Test-025,medium,medium,[0.004 0.991 0.002 0.001 0.001 0.001],[0.004 0.991 0.002 0.001 0.001 0.001],['E4_GSR' 'ViveEye_gazeOrigin_R_Y' 'LooxidLink_EEG_A4']
1626276995000000,Provisional-Test-025,medium,medium,[0.005 0.990 0.002 0.001 0.001 0.001],[0.005 0.990 0.002 0.001 0.001 0.001],['E4_GSR' 'ViveEye_gazeOrigin_R_Y' 'LooxidLink_EEG_A4']
1626276996000000,Provisional-Test-025,medium,medium,[0.003 0.992 0.002 0.001 0.001 0.001],[0.003 0.992 0.002 0.001 0.001 0.001],['E4_GSR' 'ViveEye_gazeOrigin_R_Y' 'LooxidLink_EEG_A4']
1626276997000000,Provisional-Test-025,medium,medium,[0.004 0.991 0.002 0.001 0.001 0.001],[0.004 0.991 0.002 0.001 0.001 0.001],['E4_GSR' 'ViveEye_gazeOrigin_R_Y' 'LooxidLink_EEG_A4']
1626276998000000,Provisional-Test-025,medium,medium,[0.003 0.992 0.002 0.001 0.001 0.001],[0.003 0.992 0.002 0.001 0.001 0.001],['E4_GSR' 'ViveEye_gazeOrigin_R_Y' 'LooxidLink_EEG_A4']
1626276999000000,Provisional-Test-025,medium,medium,[0.003 0.991 0.002 0.001 0.001 0.001],[0.003 0.991 0.002 0.001 0.001 0.001],['E4_GSR' 'ViveEye_gazeOrigin_R_Y' 'LooxidLink_EEG_A4']
1626277000000000,Provisional-Test-025,medium,medium,[0.003 0.993 0.002 0.001 0.001 0.001],[0.003 0.993 0.002 0.001 0.001 0.001],['E4_GSR' 'ViveEye_gazeOrigin_R_Y' 'LooxidLink_EEG_A4']
1626277001000000,Provisional-Test-025,medium,medium,[0.003 0.992 0.002 0.001 0.001 0.001],[0.003 0.992 0.002 0.001 0.001 0.001],['E4_GSR' 'ViveEye_gazeOrigin_R_Y' 'LooxidLink_EEG_A4']
1626277002000000,Provisional-Test-025,medium,medium,[0.003 0.992 0.002 0.001 0.001 0.001],[0.003 0.992 0.002 0.001 0.001 0.001],['E4_GSR' 'ViveEye_gazeOrigin_R_Y' 'LooxidLink_EEG_A4']
1626277003000000,Provisional-Test-025,medium,medium,[0.004 0.992 0.002 0.001 0.001 0.001],[0.004 0.992 0.002 0.001 0.001 0.001],['E4_GSR' 'ViveEye_gazeOrigin_R_Y' 'LooxidLink_EEG_A4']
1626277004000000,Provisional-Test-025,medium,medium,[0.003 0.993 0.002 0.001 0.001 0.001],[0.003 0.993 0.002 0.001 0.001 0.001],['E4_GSR' 'ViveEye_gazeOrigin_R_Y' 'LooxidLink_EEG_A4']
1626277005000000,Provisional-Test-025,medium,medium,[0.003 0.991 0.002 0.001 0.001 0.001],[0.003 0.991 0.002 0.001 0.001 0.001],['E4_GSR' 'ViveEye_gazeOrigin_R_Y' 'LooxidLink_EEG_A4']
1626277006000000,Provisional-Test-025,medium,medium,[0.003 0.993 0.002 0.001 0.001 0.001],[0.003 0.993 0.002 0.001 0.001 0.001],['E4_GSR' 'ViveEye_gazeOrigin_R_Y' 'LooxidLink_EEG_A4']
1626277007000000,Provisional-Test-025,medium,medium,[0.004 0.990 0.002 0.001 0.001 0.001],[0.004 0.990 0.002 0.001 0.001 0.001],['E4_GSR' 'ViveEye_gazeOrigin_R_Y' 'LooxidLink_EEG_A4']
1626277008000000,Provisional-Test-025,medium,medium,[0.004 0.992 0.002 0.001 0.001 0.001],[0.004 0.992 0.002 0.001 0.001 0.001],['E4_GSR' 'ViveEye_gazeOrigin_R_Y' 'LooxidLink_EEG_A4']
1626277009000000,Provisional-Test-025,medium,medium,[0.006 0.989 0.002 0.001 0.001 0.001],[0.006 0.989 0.002 0.001 0.001 0.001],['E4_GSR' 'ViveEye_gazeOrigin_R_Y' 'LooxidLink_EEG_A4']
1626277010000000,Provisional-Test-025,medium,medium,[0.005 0.988 0.003 0.001 0.001 0.001],[0.005 0.988 0.003 0.001 0.001 0.001],['E4_GSR' 'ViveEye_gazeOrigin_R_Y' 'LooxidLink_EEG_A4']
1626277011000000,Provisional-Test-025,medium,medium,[0.003 0.993 0.002 0.001 0.001 0.001],[0.003 0.993 0.002 0.001 0.001 0.001],['E4_GSR' 'ViveEye_gazeOrigin_R_Y' 'LooxidLink_EEG_A4']
1626277012000000,Provisional-Test-025,medium,medium,[0.004 0.992 0.002 0.001 0.001 0.001],[0.004 0.992 0.002 0.001 0.001 0.001],['E4_GSR' 'ViveEye_gazeOrigin_R_Y' 'LooxidLink_EEG_A4']
1626277013000000,Provisional-Test-025,medium,medium,[0.005 0.990 0.002 0.001 0.001 0.001],[0.005 0.990 0.002 0.001 0.001 0.001],['E4_GSR' 'ViveEye_gazeOrigin_R_Y' 'LooxidLink_EEG_A4']
1626277014000000,Provisional-Test-025,medium,medium,[0.003 0.992 0.002 0.001 0.001 0.001],[0.003 0.992 0.002 0.001 0.001 0.001],['E4_GSR' 'ViveEye_gazeOrigin_R_Y' 'LooxidLink_EEG_A4']
1626277015000000,Provisional-Test-025,medium,medium,[0.004 0.991 0.002 0.001 0.001 0.001],[0.004 0.991 0.002 0.001 0.001 0.001],['E4_GSR' 'ViveEye_gazeOrigin_R_Y' 'LooxidLink_EEG_A4']
1626277016000000,Provisional-Test-025,medium,medium,[0.007 0.986 0.002 0.001 0.002 0.001],[0.007 0.986 0.002 0.001 0.002 0.001],['E4_GSR' 'ViveEye_gazeOrigin_R_Y' 'LooxidLink_EEG_A4']
1626277017000000,Provisional-Test-025,medium,medium,[0.004 0.991 0.002 0.001 0.001 0.001],[0.004 0.991 0.002 0.001 0.001 0.001],['E4_GSR' 'ViveEye_gazeOrigin_R_Y' 'LooxidLink_EEG_A4']
1626277018000000,Provisional-Test-025,medium,medium,[0.003 0.991 0.002 0.001 0.002 0.001],[0.003 0.991 0.002 0.001 0.002 0.001],['E4_GSR' 'ViveEye_gazeOrigin_R_Y' 'LooxidLink_EEG_A4']
1626277019000000,Provisional-Test-025,medium,medium,[0.005 0.989 0.002 0.001 0.001 0.001],[0.005 0.989 0.002 0.001 0.001 0.001],['E4_GSR' 'ViveEye_gazeOrigin_R_Y' 'LooxidLink_EEG_A4']
1626277020000000,Provisional-Test-025,medium,medium,[0.003 0.993 0.002 0.001 0.001 0.001],[0.003 0.993 0.002 0.001 0.001 0.001],['E4_GSR' 'ViveEye_gazeOrigin_R_Y' 'LooxidLink_EEG_A4']
1626277021000000,Provisional-Test-025,medium,medium,[0.005 0.988 0.003 0.001 0.001 0.001],[0.005 0.988 0.003 0.001 0.001 0.001],['E4_GSR' 'ViveEye_gazeOrigin_R_Y' 'LooxidLink_EEG_A4']
1626277022000000,Provisional-Test-025,medium,medium,[0.005 0.987 0.003 0.001 0.002 0.002],[0.005 0.987 0.003 0.001 0.002 0.002],['E4_GSR' 'ViveEye_gazeOrigin_R_Y' 'LooxidLink_EEG_A4']
1626277023000000,Provisional-Test-025,medium,medium,[0.007 0.982 0.004 0.002 0.003 0.002],[0.007 0.982 0.004 0.002 0.003 0.002],['E4_GSR' 'ViveEye_gazeOrigin_R_Y' 'LooxidLink_EEG_A4']
1626277024000000,Provisional-Test-025,medium,medium,[0.013 0.969 0.007 0.003 0.004 0.004],[0.013 0.969 0.007 0.003 0.004 0.004],['E4_GSR' 'ViveEye_gazeOrigin_R_Y' 'LooxidLink_EEG_A4']
1626277025000000,Provisional-Test-025,medium,medium,[0.007 0.981 0.005 0.002 0.002 0.002],[0.007 0.981 0.005 0.002 0.002 0.002],['E4_GSR' 'ViveEye_gazeOrigin_R_Y' 'LooxidLink_EEG_A4']
1626277026000000,Provisional-Test-025,medium,medium,[0.007 0.982 0.005 0.002 0.002 0.002],[0.007 0.982 0.005 0.002 0.002 0.002],['E4_GSR' 'ViveEye_gazeOrigin_R_Y' 'LooxidLink_EEG_A4']
1626277027000000,Provisional-Test-025,medium,medium,[0.012 0.973 0.006 0.003 0.003 0.003],[0.012 0.973 0.006 0.003 0.003 0.003],['E4_GSR' 'ViveEye_gazeOrigin_R_Y' 'LooxidLink_EEG_A4']
1626277028000000,Provisional-Test-025,medium,medium,[0.006 0.984 0.004 0.002 0.002 0.002],[0.006 0.984 0.004 0.002 0.002 0.002],['E4_GSR' 'ViveEye_gazeOrigin_R_Y' 'LooxidLink_EEG_A4']
1626277029000000,Provisional-Test-025,medium,medium,[0.006 0.985 0.004 0.002 0.002 0.002],[0.006 0.985 0.004 0.002 0.002 0.002],['E4_GSR' 'ViveEye_gazeOrigin_R_Y' 'LooxidLink_EEG_A4']
1626277030000000,Provisional-Test-025,medium,medium,[0.005 0.986 0.004 0.002 0.002 0.002],[0.005 0.986 0.004 0.002 0.002 0.002],['E4_GSR' 'ViveEye_gazeOrigin_R_Y' 'LooxidLink_EEG_A4']
1626277031000000,Provisional-Test-025,medium,medium,[0.012 0.967 0.007 0.003 0.006 0.004],[0.012 0.967 0.007 0.003 0.006 0.004],['E4_GSR' 'ViveEye_gazeOrigin_R_Y' 'LooxidLink_EEG_A4']
1626277032000000,Provisional-Test-025,medium,medium,[0.013 0.966 0.008 0.004 0.006 0.004],[0.013 0.966 0.008 0.004 0.006 0.004],['E4_GSR' 'ViveEye_gazeOrigin_R_Y' 'LooxidLink_EEG_A4']
1626277033000000,Provisional-Test-025,medium,medium,[0.016 0.959 0.009 0.004 0.008 0.005],[0.016 0.959 0.009 0.004 0.008 0.005],['E4_GSR' 'ViveEye_gazeOrigin_R_Y' 'LooxidLink_EEG_A4']
1626277034000000,Provisional-Test-025,medium,medium,[0.028 0.937 0.014 0.006 0.007 0.007],[0.028 0.937 0.014 0.006 0.007 0.007],['E4_GSR' 'ViveEye_gazeOrigin_R_Y' 'LooxidLink_EEG_A4']
1626277035000000,Provisional-Test-025,medium,medium,[0.028 0.907 0.047 0.006 0.006 0.006],[0.028 0.907 0.047 0.006 0.006 0.006],['E4_GSR' 'ViveEye_gazeOrigin_R_Y' 'LooxidLink_EEG_A4']
1626277036000000,Provisional-Test-025,medium,medium,[0.041 0.916 0.018 0.008 0.009 0.009],[0.041 0.916 0.018 0.008 0.009 0.009],['E4_GSR' 'ViveEye_gazeOrigin_R_Y' 'LooxidLink_EEG_A4']
1626277037000000,Provisional-Test-025,medium,medium,[0.022 0.906 0.053 0.006 0.007 0.007],[0.022 0.906 0.053 0.006 0.007 0.007],['E4_GSR' 'ViveEye_gazeOrigin_R_Y' 'LooxidLink_EEG_A4']
1626277038000000,Provisional-Test-025,medium,medium,[0.139 0.653 0.090 0.036 0.041 0.041],[0.139 0.653 0.090 0.036 0.041 0.041],['E4_GSR' 'ViveEye_gazeOrigin_R_Y' 'LooxidLink_EEG_A4']
1626277039000000,Provisional-Test-025,medium,medium,[0.115 0.455 0.318 0.034 0.039 0.038],[0.115 0.455 0.318 0.034 0.039 0.038],['E4_GSR' 'ViveEye_gazeOrigin_R_Y' 'LooxidLink_EEG_A4']
1626277040000000,Provisional-Test-025,medium,medium,[0.142 0.646 0.091 0.037 0.042 0.042],[0.142 0.646 0.091 0.037 0.042 0.042],['E4_GSR' 'ViveEye_gazeOrigin_R_Y' 'LooxidLink_EEG_A4']
1626277041000000,Provisional-Test-025,medium,medium,[0.094 0.613 0.198 0.024 0.044 0.027],[0.094 0.613 0.198 0.024 0.044 0.027],['E4_GSR' 'ViveEye_gazeOrigin_R_Y' 'LooxidLink_EEG_A4']
1626277042000000,Provisional-Test-025,medium,medium,[0.008 0.964 0.020 0.002 0.003 0.003],[0.008 0.964 0.020 0.002 0.003 0.003],['E4_GSR' 'ViveEye_gazeOrigin_R_Y' 'LooxidLink_EEG_A4']
1626277043000000,Provisional-Test-025,medium,medium,[0.011 0.953 0.025 0.003 0.005 0.003],[0.011 0.953 0.025 0.003 0.005 0.003],['E4_GSR' 'ViveEye_gazeOrigin_R_Y' 'LooxidLink_EEG_A4']
1626277044000000,Provisional-Test-025,medium,medium,[0.012 0.953 0.025 0.003 0.004 0.003],[0.012 0.953 0.025 0.003 0.004 0.003],['E4_GSR' 'ViveEye_gazeOrigin_R_Y' 'LooxidLink_EEG_A4']
1626277045000000,Provisional-Test-025,medium,medium,[0.010 0.965 0.019 0.002 0.003 0.003],[0.010 0.965 0.019 0.002 0.003 0.003],['E4_GSR' 'ViveEye_gazeOrigin_R_Y' 'LooxidLink_EEG_A4']
1626277046000000,Provisional-Test-025,medium,medium,[0.007 0.972 0.015 0.002 0.002 0.002],[0.007 0.972 0.015 0.002 0.002 0.002],['E4_GSR' 'ViveEye_gazeOrigin_R_Y' 'LooxidLink_EEG_A4']
1626277047000000,Provisional-Test-025,medium,medium,[0.013 0.948 0.028 0.003 0.004 0.004],[0.013 0.948 0.028 0.003 0.004 0.004],['E4_GSR' 'ViveEye_gazeOrigin_R_Y' 'LooxidLink_EEG_A4']
1626277048000000,Provisional-Test-025,medium,medium,[0.112 0.549 0.248 0.028 0.031 0.031],[0.112 0.549 0.248 0.028 0.031 0.031],['E4_GSR' 'ViveEye_gazeOrigin_R_Y' 'LooxidLink_EEG_A4']
1626277049000000,Provisional-Test-025,medium,medium,[0.131 0.491 0.274 0.031 0.038 0.035],[0.131 0.491 0.274 0.031 0.038 0.035],['E4_GSR' 'ViveEye_gazeOrigin_R_Y' 'LooxidLink_EEG_A4']
1626277050000000,Provisional-Test-025,medium,medium,[0.092 0.669 0.171 0.021 0.023 0.023],[0.092 0.669 0.171 0.021 0.023 0.023],['E4_GSR' 'ViveEye_gazeOrigin_R_Y' 'LooxidLink_EEG_A4']
1626277051000000,Provisional-Test-025,medium,medium,[0.079 0.715 0.147 0.018 0.020 0.020],[0.079 0.715 0.147 0.018 0.020 0.020],['E4_GSR' 'ViveEye_gazeOrigin_R_Y' 'LooxidLink_EEG_A4']
1626277052000000,Provisional-Test-025,medium,medium,[0.124 0.581 0.216 0.024 0.027 0.027],[0.124 0.581 0.216 0.024 0.027 0.027],['E4_GSR' 'ViveEye_gazeOrigin_R_Y' 'LooxidLink_EEG_A4']
1626277053000000,Provisional-Test-025,medium,medium,[0.107 0.579 0.229 0.026 0.029 0.029],[0.107 0.579 0.229 0.026 0.029 0.029],['E4_GSR' 'ViveEye_gazeOrigin_R_Y' 'LooxidLink_EEG_A4']
1626277054000000,Provisional-Test-025,medium,medium,[0.106 0.640 0.181 0.022 0.025 0.025],[0.106 0.640 0.181 0.022 0.025 0.025],['E4_GSR' 'ViveEye_gazeOrigin_R_Y' 'LooxidLink_EEG_A4']
1626277055000000,Provisional-Test-025,medium,medium,[0.097 0.636 0.190 0.023 0.028 0.026],[0.097 0.636 0.190 0.023 0.028 0.026],['E4_GSR' 'ViveEye_gazeOrigin_R_Y' 'LooxidLink_EEG_A4']
1626277322000000,Provisional-Test-025,high,high,[0.006 0.003 0.979 0.003 0.005 0.004],[0.006 0.003 0.979 0.003 0.005 0.004],['E4_GSR' 'ViveEye_gazeOrigin_R_Y' 'LooxidLink_EEG_A4']
1626277323000000,Provisional-Test-025,high,high,[0.004 0.005 0.980 0.003 0.004 0.004],[0.004 0.005 0.980 0.003 0.004 0.004],['E4_GSR' 'ViveEye_gazeOrigin_R_Y' 'LooxidLink_EEG_A4']
1626277324000000,Provisional-Test-025,high,high,[0.007 0.004 0.978 0.003 0.004 0.004],[0.007 0.004 0.978 0.003 0.004 0.004],['E4_GSR' 'ViveEye_gazeOrigin_R_Y' 'LooxidLink_EEG_A4']
1626277325000000,Provisional-Test-025,high,high,[0.005 0.007 0.977 0.003 0.004 0.004],[0.005 0.007 0.977 0.003 0.004 0.004],['E4_GSR' 'ViveEye_gazeOrigin_R_Y' 'LooxidLink_EEG_A4']
1626277326000000,Provisional-Test-025,high,high,[0.005 0.005 0.979 0.003 0.004 0.004],[0.005 0.005 0.979 0.003 0.004 0.004],['E4_GSR' 'ViveEye_gazeOrigin_R_Y' 'LooxidLink_EEG_A4']
1626277327000000,Provisional-Test-025,high,high,[0.006 0.005 0.978 0.003 0.004 0.004],[0.006 0.005 0.978 0.003 0.004 0.004],['E4_GSR' 'ViveEye_gazeOrigin_R_Y' 'LooxidLink_EEG_A4']
1626277328000000,Provisional-Test-025,high,high,[0.007 0.005 0.977 0.003 0.004 0.004],[0.007 0.005 0.977 0.003 0.004 0.004],['E4_GSR' 'ViveEye_gazeOrigin_R_Y' 'LooxidLink_EEG_A4']
1626277329000000,Provisional-Test-025,high,high,[0.071 0.005 0.913 0.003 0.004 0.004],[0.071 0.005 0.913 0.003 0.004 0.004],['E4_GSR' 'ViveEye_gazeOrigin_R_Y' 'LooxidLink_EEG_A4']
1626277330000000,Provisional-Test-025,high,high,[0.064 0.005 0.920 0.003 0.004 0.004],[0.064 0.005 0.920 0.003 0.004 0.004],['E4_GSR' 'ViveEye_gazeOrigin_R_Y' 'LooxidLink_EEG_A4']
1626277331000000,Provisional-Test-025,high,high,[0.064 0.006 0.918 0.003 0.004 0.004],[0.064 0.006 0.918 0.003 0.004 0.004],['E4_GSR' 'ViveEye_gazeOrigin_R_Y' 'LooxidLink_EEG_A4']
1626277332000000,Provisional-Test-025,high,high,[0.069 0.006 0.912 0.004 0.004 0.004],[0.069 0.006 0.912 0.004 0.004 0.004],['E4_GSR' 'ViveEye_gazeOrigin_R_Y' 'LooxidLink_EEG_A4']
1626277333000000,Provisional-Test-025,high,high,[0.075 0.008 0.902 0.004 0.007 0.004],[0.075 0.008 0.902 0.004 0.007 0.004],['E4_GSR' 'ViveEye_gazeOrigin_R_Y' 'LooxidLink_EEG_A4']
1626277334000000,Provisional-Test-025,high,high,[0.068 0.006 0.914 0.004 0.004 0.004],[0.068 0.006 0.914 0.004 0.004 0.004],['E4_GSR' 'ViveEye_gazeOrigin_R_Y' 'LooxidLink_EEG_A4']
1626277335000000,Provisional-Test-025,high,high,[0.091 0.008 0.883 0.004 0.008 0.005],[0.091 0.008 0.883 0.004 0.008 0.005],['E4_GSR' 'ViveEye_gazeOrigin_R_Y' 'LooxidLink_EEG_A4']
1626277336000000,Provisional-Test-025,high,high,[0.144 0.006 0.832 0.004 0.008 0.005],[0.144 0.006 0.832 0.004 0.008 0.005],['E4_GSR' 'ViveEye_gazeOrigin_R_Y' 'LooxidLink_EEG_A4']
1626277337000000,Provisional-Test-025,high,high,[0.126 0.009 0.851 0.004 0.005 0.005],[0.126 0.009 0.851 0.004 0.005 0.005],['E4_GSR' 'ViveEye_gazeOrigin_R_Y' 'LooxidLink_EEG_A4']
1626277338000000,Provisional-Test-025,high,high,[0.140 0.008 0.831 0.006 0.009 0.006],[0.140 0.008 0.831 0.006 0.009 0.006],['E4_GSR' 'ViveEye_gazeOrigin_R_Y' 'LooxidLink_EEG_A4']
1626277339000000,Provisional-Test-025,high,high,[0.127 0.012 0.841 0.006 0.007 0.007],[0.127 0.012 0.841 0.006 0.007 0.007],['E4_GSR' 'ViveEye_gazeOrigin_R_Y' 'LooxidLink_EEG_A4']
1626277340000000,Provisional-Test-025,high,high,[0.128 0.008 0.843 0.006 0.008 0.007],[0.128 0.008 0.843 0.006 0.008 0.007],['E4_GSR' 'ViveEye_gazeOrigin_R_Y' 'LooxidLink_EEG_A4']
1626277341000000,Provisional-Test-025,high,high,[0.092 0.009 0.883 0.005 0.006 0.006],[0.092 0.009 0.883 0.005 0.006 0.006],['E4_GSR' 'ViveEye_gazeOrigin_R_Y' 'LooxidLink_EEG_A4']
1626277342000000,Provisional-Test-025,high,high,[0.068 0.008 0.907 0.005 0.006 0.006],[0.068 0.008 0.907 0.005 0.006 0.006],['E4_GSR' 'ViveEye_gazeOrigin_R_Y' 'LooxidLink_EEG_A4']
1626277343000000,Provisional-Test-025,high,high,[0.066 0.007 0.911 0.005 0.006 0.006],[0.066 0.007 0.911 0.005 0.006 0.006],['E4_GSR' 'ViveEye_gazeOrigin_R_Y' 'LooxidLink_EEG_A4']
1626277344000000,Provisional-Test-025,high,high,[0.058 0.006 0.922 0.004 0.005 0.005],[0.058 0.006 0.922 0.004 0.005 0.005],['E4_GSR' 'ViveEye_gazeOrigin_R_Y' 'LooxidLink_EEG_A4']
1626277345000000,Provisional-Test-025,high,high,[0.066 0.005 0.916 0.004 0.004 0.004],[0.066 0.005 0.916 0.004 0.004 0.004],['E4_GSR' 'ViveEye_gazeOrigin_R_Y' 'LooxidLink_EEG_A4']
1626277346000000,Provisional-Test-025,high,high,[0.068 0.006 0.915 0.004 0.004 0.004],[0.068 0.006 0.915 0.004 0.004 0.004],['E4_GSR' 'ViveEye_gazeOrigin_R_Y' 'LooxidLink_EEG_A4']
1626277347000000,Provisional-Test-025,high,high,[0.059 0.006 0.924 0.003 0.004 0.004],[0.059 0.006 0.924 0.003 0.004 0.004],['E4_GSR' 'ViveEye_gazeOrigin_R_Y' 'LooxidLink_EEG_A4']
1626277348000000,Provisional-Test-025,high,high,[0.077 0.004 0.909 0.003 0.004 0.004],[0.077 0.004 0.909 0.003 0.004 0.004],['E4_GSR' 'ViveEye_gazeOrigin_R_Y' 'LooxidLink_EEG_A4']
1626277349000000,Provisional-Test-025,high,high,[0.081 0.006 0.902 0.003 0.004 0.004],[0.081 0.006 0.902 0.003 0.004 0.004],['E4_GSR' 'ViveEye_gazeOrigin_R_Y' 'LooxidLink_EEG_A4']
1626277350000000,Provisional-Test-025,high,high,[0.076 0.005 0.907 0.004 0.004 0.004],[0.076 0.005 0.907 0.004 0.004 0.004],['E4_GSR' 'ViveEye_gazeOrigin_R_Y' 'LooxidLink_EEG_A4']
1626277351000000,Provisional-Test-025,high,high,[0.057 0.007 0.925 0.004 0.004 0.004],[0.057 0.007 0.925 0.004 0.004 0.004],['E4_GSR' 'ViveEye_gazeOrigin_R_Y' 'LooxidLink_EEG_A4']
1626277352000000,Provisional-Test-025,high,high,[0.061 0.007 0.920 0.004 0.004 0.004],[0.061 0.007 0.920 0.004 0.004 0.004],['E4_GSR' 'ViveEye_gazeOrigin_R_Y' 'LooxidLink_EEG_A4']
1626277353000000,Provisional-Test-025,high,high,[0.063 0.009 0.915 0.004 0.005 0.004],[0.063 0.009 0.915 0.004 0.005 0.004],['E4_GSR' 'ViveEye_gazeOrigin_R_Y' 'LooxidLink_EEG_A4']
1626277354000000,Provisional-Test-025,high,high,[0.064 0.006 0.915 0.004 0.007 0.004],[0.064 0.006 0.915 0.004 0.007 0.004],['E4_GSR' 'ViveEye_gazeOrigin_R_Y' 'LooxidLink_EEG_A4']
1626277355000000,Provisional-Test-025,high,high,[0.068 0.008 0.911 0.004 0.004 0.005],[0.068 0.008 0.911 0.004 0.004 0.005],['E4_GSR' 'ViveEye_gazeOrigin_R_Y' 'LooxidLink_EEG_A4']
1626277356000000,Provisional-Test-025,high,high,[0.073 0.006 0.907 0.004 0.005 0.005],[0.073 0.006 0.907 0.004 0.005 0.005],['E4_GSR' 'ViveEye_gazeOrigin_R_Y' 'LooxidLink_EEG_A4']
1626277357000000,Provisional-Test-025,high,high,[0.061 0.009 0.915 0.005 0.005 0.005],[0.061 0.009 0.915 0.005 0.005 0.005],['E4_GSR' 'ViveEye_gazeOrigin_R_Y' 'LooxidLink_EEG_A4']
1626277358000000,Provisional-Test-025,high,high,[0.069 0.009 0.908 0.004 0.005 0.005],[0.069 0.009 0.908 0.004 0.005 0.005],['E4_GSR' 'ViveEye_gazeOrigin_R_Y' 'LooxidLink_EEG_A4']
1626277359000000,Provisional-Test-025,high,high,[0.065 0.006 0.914 0.004 0.005 0.005],[0.065 0.006 0.914 0.004 0.005 0.005],['E4_GSR' 'ViveEye_gazeOrigin_R_Y' 'LooxidLink_EEG_A4']
1626277360000000,Provisional-Test-025,high,high,[0.092 0.010 0.882 0.005 0.006 0.005],[0.092 0.010 0.882 0.005 0.006 0.005],['E4_GSR' 'ViveEye_gazeOrigin_R_Y' 'LooxidLink_EEG_A4']
1626277361000000,Provisional-Test-025,high,high,[0.230 0.017 0.716 0.012 0.013 0.013],[0.230 0.017 0.716 0.012 0.013 0.013],['E4_GSR' 'ViveEye_gazeOrigin_R_Y' 'LooxidLink_EEG_A4']
1626277362000000,Provisional-Test-025,high,high,[0.199 0.026 0.736 0.012 0.014 0.014],[0.199 0.026 0.736 0.012 0.014 0.014],['E4_GSR' 'ViveEye_gazeOrigin_R_Y' 'LooxidLink_EEG_A4']
1626277363000000,Provisional-Test-025,high,high,[0.234 0.024 0.702 0.012 0.014 0.013],[0.234 0.024 0.702 0.012 0.014 0.013],['E4_GSR' 'ViveEye_gazeOrigin_R_Y' 'LooxidLink_EEG_A4']
1626277364000000,Provisional-Test-025,high,high,[0.225 0.017 0.718 0.012 0.015 0.013],[0.225 0.017 0.718 0.012 0.015 0.013],['E4_GSR' 'ViveEye_gazeOrigin_R_Y' 'LooxidLink_EEG_A4']
1626277365000000,Provisional-Test-025,high,high,[0.314 0.072 0.549 0.019 0.024 0.022],[0.314 0.072 0.549 0.019 0.024 0.022],['E4_GSR' 'ViveEye_gazeOrigin_R_Y' 'LooxidLink_EEG_A4']
1626277366000000,Provisional-Test-025,low,low,[0.473 0.174 0.290 0.019 0.023 0.021],[0.473 0.174 0.290 0.019 0.023 0.021],['E4_GSR' 'ViveEye_gazeOrigin_R_Y' 'LooxidLink_EEG_A4']
1626277367000000,Provisional-Test-025,high,high,[0.088 0.279 0.439 0.130 0.032 0.032],[0.088 0.279 0.439 0.130 0.032 0.032],['E4_GSR' 'ViveEye_gazeOrigin_R_Y' 'LooxidLink_EEG_A4']
1626277368000000,Provisional-Test-025,high,high,[0.065 0.336 0.424 0.113 0.031 0.031],[0.065 0.336 0.424 0.113 0.031 0.031],['E4_GSR' 'ViveEye_gazeOrigin_R_Y' 'LooxidLink_EEG_A4']
1626277369000000,Provisional-Test-025,high,high,[0.070 0.272 0.461 0.123 0.041 0.033],[0.070 0.272 0.461 0.123 0.041 0.033],['E4_GSR' 'ViveEye_gazeOrigin_R_Y' 'LooxidLink_EEG_A4']
1626277370000000,Provisional-Test-025,high,high,[0.044 0.336 0.437 0.114 0.038 0.031],[0.044 0.336 0.437 0.114 0.038 0.031],['E4_GSR' 'ViveEye_gazeOrigin_R_Y' 'LooxidLink_EEG_A4']
1626277371000000,Provisional-Test-025,high,high,[0.069 0.267 0.470 0.123 0.038 0.033],[0.069 0.267 0.470 0.123 0.038 0.033],['E4_GSR' 'ViveEye_gazeOrigin_R_Y' 'LooxidLink_EEG_A4']
1626277372000000,Provisional-Test-025,high,high,[0.043 0.209 0.599 0.099 0.025 0.025],[0.043 0.209 0.599 0.099 0.025 0.025],['E4_GSR' 'ViveEye_gazeOrigin_R_Y' 'LooxidLink_EEG_A4']
1626277373000000,Provisional-Test-025,high,high,[0.062 0.122 0.640 0.106 0.044 0.027],[0.062 0.122 0.640 0.106 0.044 0.027],['E4_GSR' 'ViveEye_gazeOrigin_R_Y' 'LooxidLink_EEG_A4']
1626277374000000,Provisional-Test-025,high,high,[0.047 0.182 0.683 0.025 0.035 0.028],[0.047 0.182 0.683 0.025 0.035 0.028],['E4_GSR' 'ViveEye_gazeOrigin_R_Y' 'LooxidLink_EEG_A4']
1626277375000000,Provisional-Test-025,high,high,[0.062 0.182 0.675 0.025 0.028 0.028],[0.062 0.182 0.675 0.025 0.028 0.028],['E4_GSR' 'ViveEye_gazeOrigin_R_Y' 'LooxidLink_EEG_A4']
1626277376000000,Provisional-Test-025,high,high,[0.062 0.161 0.691 0.025 0.032 0.028],[0.062 0.161 0.691 0.025 0.032 0.028],['E4_GSR' 'ViveEye_gazeOrigin_R_Y' 'LooxidLink_EEG_A4']
1626277377000000,Provisional-Test-025,high,high,[0.060 0.208 0.651 0.024 0.031 0.027],[0.060 0.208 0.651 0.024 0.031 0.027],['E4_GSR' 'ViveEye_gazeOrigin_R_Y' 'LooxidLink_EEG_A4']
1626277378000000,Provisional-Test-025,high,high,[0.086 0.162 0.669 0.024 0.030 0.027],[0.086 0.162 0.669 0.024 0.030 0.027],['E4_GSR' 'ViveEye_gazeOrigin_R_Y' 'LooxidLink_EEG_A4']
1626277379000000,Provisional-Test-025,high,high,[0.052 0.126 0.734 0.026 0.033 0.029],[0.052 0.126 0.734 0.026 0.033 0.029],['E4_GSR' 'ViveEye_gazeOrigin_R_Y' 'LooxidLink_EEG_A4']
1626277380000000,Provisional-Test-025,high,high,[0.056 0.090 0.769 0.026 0.030 0.029],[0.056 0.090 0.769 0.026 0.030 0.029],['E4_GSR' 'ViveEye_gazeOrigin_R_Y' 'LooxidLink_EEG_A4']
1626277381000000,Provisional-Test-025,high,high,[0.051 0.084 0.783 0.025 0.028 0.028],[0.051 0.084 0.783 0.025 0.028 0.028],['E4_GSR' 'ViveEye_gazeOrigin_R_Y' 'LooxidLink_EEG_A4']
1626277382000000,Provisional-Test-025,high,high,[0.051 0.097 0.772 0.025 0.028 0.027],[0.051 0.097 0.772 0.025 0.028 0.027],['E4_GSR' 'ViveEye_gazeOrigin_R_Y' 'LooxidLink_EEG_A4']
1626277383000000,Provisional-Test-025,high,high,[0.062 0.075 0.773 0.025 0.037 0.028],[0.062 0.075 0.773 0.025 0.037 0.028],['E4_GSR' 'ViveEye_gazeOrigin_R_Y' 'LooxidLink_EEG_A4']
1626277384000000,Provisional-Test-025,high,high,[0.055 0.088 0.774 0.025 0.030 0.028],[0.055 0.088 0.774 0.025 0.030 0.028],['E4_GSR' 'ViveEye_gazeOrigin_R_Y' 'LooxidLink_EEG_A4']
1626277385000000,Provisional-Test-025,high,high,[0.062 0.099 0.761 0.024 0.027 0.027],[0.062 0.099 0.761 0.024 0.027 0.027],['E4_GSR' 'ViveEye_gazeOrigin_R_Y' 'LooxidLink_EEG_A4']
1626277386000000,Provisional-Test-025,high,high,[0.068 0.081 0.772 0.023 0.029 0.026],[0.068 0.081 0.772 0.023 0.029 0.026],['E4_GSR' 'ViveEye_gazeOrigin_R_Y' 'LooxidLink_EEG_A4']
1626277387000000,Provisional-Test-025,high,high,[0.057 0.098 0.766 0.023 0.029 0.026],[0.057 0.098 0.766 0.023 0.029 0.026],['E4_GSR' 'ViveEye_gazeOrigin_R_Y' 'LooxidLink_EEG_A4']
1626277388000000,Provisional-Test-025,high,high,[0.060 0.066 0.793 0.024 0.029 0.027],[0.060 0.066 0.793 0.024 0.029 0.027],['E4_GSR' 'ViveEye_gazeOrigin_R_Y' 'LooxidLink_EEG_A4']
1626277389000000,Provisional-Test-025,high,high,[0.041 0.081 0.792 0.031 0.029 0.026],[0.041 0.081 0.792 0.031 0.029 0.026],['E4_GSR' 'ViveEye_gazeOrigin_R_Y' 'LooxidLink_EEG_A4']
1626277390000000,Provisional-Test-025,high,high,[0.048 0.061 0.817 0.023 0.026 0.026],[0.048 0.061 0.817 0.023 0.026 0.026],['E4_GSR' 'ViveEye_gazeOrigin_R_Y' 'LooxidLink_EEG_A4']
1626277391000000,Provisional-Test-025,high,high,[0.042 0.080 0.806 0.022 0.025 0.025],[0.042 0.080 0.806 0.022 0.025 0.025],['E4_GSR' 'ViveEye_gazeOrigin_R_Y' 'LooxidLink_EEG_A4']
1626277960000000,Provisional-Test-025,medium,medium,[0.216 0.656 0.045 0.048 0.020 0.014],[0.216 0.656 0.045 0.048 0.020 0.014],['E4_GSR' 'ViveEye_gazeOrigin_R_Y' 'LooxidLink_EEG_A4']
1626277961000000,Provisional-Test-025,medium,medium,[0.344 0.538 0.043 0.046 0.016 0.014],[0.344 0.538 0.043 0.046 0.016 0.014],['E4_GSR' 'ViveEye_gazeOrigin_R_Y' 'LooxidLink_EEG_A4']
1626277962000000,Provisional-Test-025,medium,medium,[0.229 0.651 0.045 0.047 0.014 0.014],[0.229 0.651 0.045 0.047 0.014 0.014],['E4_GSR' 'ViveEye_gazeOrigin_R_Y' 'LooxidLink_EEG_A4']
1626277963000000,Provisional-Test-025,medium,medium,[0.382 0.496 0.045 0.049 0.014 0.014],[0.382 0.496 0.045 0.049 0.014 0.014],['E4_GSR' 'ViveEye_gazeOrigin_R_Y' 'LooxidLink_EEG_A4']
1626277964000000,Provisional-Test-025,medium,medium,[0.306 0.579 0.042 0.046 0.014 0.014],[0.306 0.579 0.042 0.046 0.014 0.014],['E4_GSR' 'ViveEye_gazeOrigin_R_Y' 'LooxidLink_EEG_A4']
1626277965000000,Provisional-Test-025,low,low,[0.488 0.394 0.041 0.048 0.014 0.014],[0.488 0.394 0.041 0.048 0.014 0.014],['E4_GSR' 'ViveEye_gazeOrigin_R_Y' 'LooxidLink_EEG_A4']
1626277966000000,Provisional-Test-025,medium,medium,[0.338 0.546 0.039 0.048 0.014 0.014],[0.338 0.546 0.039 0.048 0.014 0.014],['E4_GSR' 'ViveEye_gazeOrigin_R_Y' 'LooxidLink_EEG_A4']
1626277967000000,Provisional-Test-025,low,low,[0.497 0.390 0.038 0.048 0.014 0.014],[0.497 0.390 0.038 0.048 0.014 0.014],['E4_GSR' 'ViveEye_gazeOrigin_R_Y' 'LooxidLink_EEG_A4']
1626277968000000,Provisional-Test-025,low,low,[0.473 0.399 0.044 0.053 0.016 0.016],[0.473 0.399 0.044 0.053 0.016 0.016],['E4_GSR' 'ViveEye_gazeOrigin_R_Y' 'LooxidLink_EEG_A4']
1626278025000000,Provisional-Test-025,low,low,[0.949 0.032 0.007 0.004 0.005 0.004],[0.949 0.032 0.007 0.004 0.005 0.004],['E4_GSR' 'ViveEye_gazeOrigin_R_Y' 'LooxidLink_EEG_A4']
1626278026000000,Provisional-Test-025,low,low,[0.931 0.036 0.012 0.007 0.007 0.007],[0.931 0.036 0.012 0.007 0.007 0.007],['E4_GSR' 'ViveEye_gazeOrigin_R_Y' 'LooxidLink_EEG_A4']
1626278027000000,Provisional-Test-025,low,low,[0.941 0.026 0.012 0.006 0.008 0.007],[0.941 0.026 0.012 0.006 0.008 0.007],['E4_GSR' 'ViveEye_gazeOrigin_R_Y' 'LooxidLink_EEG_A4']
1626278028000000,Provisional-Test-025,low,low,[0.931 0.036 0.012 0.006 0.007 0.007],[0.931 0.036 0.012 0.006 0.007 0.007],['E4_GSR' 'ViveEye_gazeOrigin_R_Y' 'LooxidLink_EEG_A4']
1626278125000000,Provisional-Test-025,low,low,[0.976 0.014 0.004 0.002 0.002 0.002],[0.976 0.014 0.004 0.002 0.002 0.002],['E4_GSR' 'ViveEye_gazeOrigin_R_Y' 'LooxidLink_EEG_A4']
1626278126000000,Provisional-Test-025,low,low,[0.970 0.017 0.005 0.002 0.003 0.003],[0.970 0.017 0.005 0.002 0.003 0.003],['E4_GSR' 'ViveEye_gazeOrigin_R_Y' 'LooxidLink_EEG_A4']
1626278127000000,Provisional-Test-025,low,low,[0.986 0.006 0.003 0.001 0.002 0.002],[0.986 0.006 0.003 0.001 0.002 0.002],['E4_GSR' 'ViveEye_gazeOrigin_R_Y' 'LooxidLink_EEG_A4']
1626278128000000,Provisional-Test-025,low,low,[0.974 0.015 0.005 0.002 0.002 0.002],[0.974 0.015 0.005 0.002 0.002 0.002],['E4_GSR' 'ViveEye_gazeOrigin_R_Y' 'LooxidLink_EEG_A4']
1626278129000000,Provisional-Test-025,low,low,[0.967 0.019 0.006 0.003 0.003 0.003],[0.967 0.019 0.006 0.003 0.003 0.003],['E4_GSR' 'ViveEye_gazeOrigin_R_Y' 'LooxidLink_EEG_A4']
1626278130000000,Provisional-Test-025,low,low,[0.965 0.020 0.006 0.003 0.004 0.003],[0.965 0.020 0.006 0.003 0.004 0.003],['E4_GSR' 'ViveEye_gazeOrigin_R_Y' 'LooxidLink_EEG_A4']
1626278131000000,Provisional-Test-025,low,low,[0.978 0.012 0.004 0.002 0.002 0.002],[0.978 0.012 0.004 0.002 0.002 0.002],['E4_GSR' 'ViveEye_gazeOrigin_R_Y' 'LooxidLink_EEG_A4']
1626278132000000,Provisional-Test-025,low,low,[0.966 0.021 0.005 0.002 0.003 0.003],[0.966 0.021 0.005 0.002 0.003 0.003],['E4_GSR' 'ViveEye_gazeOrigin_R_Y' 'LooxidLink_EEG_A4']
1626278194000000,Provisional-Test-025,medium,medium,[0.061 0.906 0.013 0.006 0.008 0.007],[0.061 0.906 0.013 0.006 0.008 0.007],['E4_GSR' 'ViveEye_gazeOrigin_R_Y' 'LooxidLink_EEG_A4']
1626278195000000,Provisional-Test-025,medium,medium,[0.076 0.892 0.013 0.006 0.007 0.006],[0.076 0.892 0.013 0.006 0.007 0.006],['E4_GSR' 'ViveEye_gazeOrigin_R_Y' 'LooxidLink_EEG_A4']
1626278196000000,Provisional-Test-025,medium,medium,[0.103 0.846 0.021 0.009 0.010 0.010],[0.103 0.846 0.021 0.009 0.010 0.010],['E4_GSR' 'ViveEye_gazeOrigin_R_Y' 'LooxidLink_EEG_A4']
1626278197000000,Provisional-Test-025,medium,medium,[0.062 0.888 0.020 0.009 0.013 0.010],[0.062 0.888 0.020 0.009 0.013 0.010],['E4_GSR' 'ViveEye_gazeOrigin_R_Y' 'LooxidLink_EEG_A4']
1626278198000000,Provisional-Test-025,medium,medium,[0.184 0.792 0.010 0.004 0.005 0.005],[0.184 0.792 0.010 0.004 0.005 0.005],['E4_GSR' 'ViveEye_gazeOrigin_R_Y' 'LooxidLink_EEG_A4']
1626278199000000,Provisional-Test-025,medium,medium,[0.081 0.886 0.012 0.007 0.007 0.006],[0.081 0.886 0.012 0.007 0.007 0.006],['E4_GSR' 'ViveEye_gazeOrigin_R_Y' 'LooxidLink_EEG_A4']
1626278200000000,Provisional-Test-025,medium,medium,[0.140 0.825 0.014 0.006 0.008 0.007],[0.140 0.825 0.014 0.006 0.008 0.007],['E4_GSR' 'ViveEye_gazeOrigin_R_Y' 'LooxidLink_EEG_A4']
1626278201000000,Provisional-Test-025,medium,medium,[0.160 0.799 0.017 0.007 0.008 0.008],[0.160 0.799 0.017 0.007 0.008 0.008],['E4_GSR' 'ViveEye_gazeOrigin_R_Y' 'LooxidLink_EEG_A4']
1626278259000000,Provisional-Test-025,low,low,[0.936 0.037 0.011 0.005 0.005 0.005],[0.936 0.037 0.011 0.005 0.005 0.005],['E4_GSR' 'ViveEye_gazeOrigin_R_Y' 'LooxidLink_EEG_A4']
1626278260000000,Provisional-Test-025,low,low,[0.947 0.025 0.012 0.005 0.005 0.005],[0.947 0.025 0.012 0.005 0.005 0.005],['E4_GSR' 'ViveEye_gazeOrigin_R_Y' 'LooxidLink_EEG_A4']
1626278261000000,Provisional-Test-025,low,low,[0.947 0.029 0.010 0.004 0.005 0.005],[0.947 0.029 0.010 0.004 0.005 0.005],['E4_GSR' 'ViveEye_gazeOrigin_R_Y' 'LooxidLink_EEG_A4']
1626278262000000,Provisional-Test-025,low,low,[0.853 0.109 0.016 0.006 0.008 0.007],[0.853 0.109 0.016 0.006 0.008 0.007],['E4_GSR' 'ViveEye_gazeOrigin_R_Y' 'LooxidLink_EEG_A4']
1626278263000000,Provisional-Test-025,low,low,[0.927 0.039 0.014 0.006 0.007 0.007],[0.927 0.039 0.014 0.006 0.007 0.007],['E4_GSR' 'ViveEye_gazeOrigin_R_Y' 'LooxidLink_EEG_A4']
1626278264000000,Provisional-Test-025,low,low,[0.790 0.155 0.032 0.007 0.009 0.008],[0.790 0.155 0.032 0.007 0.009 0.008],['E4_GSR' 'ViveEye_gazeOrigin_R_Y' 'LooxidLink_EEG_A4']
1626278265000000,Provisional-Test-025,low,low,[0.866 0.072 0.035 0.009 0.010 0.008],[0.866 0.072 0.035 0.009 0.010 0.008],['E4_GSR' 'ViveEye_gazeOrigin_R_Y' 'LooxidLink_EEG_A4']
1626278266000000,Provisional-Test-025,low,low,[0.857 0.094 0.029 0.006 0.007 0.007],[0.857 0.094 0.029 0.006 0.007 0.007],['E4_GSR' 'ViveEye_gazeOrigin_R_Y' 'LooxidLink_EEG_A4']
1626278267000000,Provisional-Test-025,low,low,[0.787 0.182 0.013 0.005 0.007 0.006],[0.787 0.182 0.013 0.005 0.007 0.006],['E4_GSR' 'ViveEye_gazeOrigin_R_Y' 'LooxidLink_EEG_A4']
1626278268000000,Provisional-Test-025,low,low,[0.751 0.215 0.014 0.006 0.008 0.006],[0.751 0.215 0.014 0.006 0.008 0.006],['E4_GSR' 'ViveEye_gazeOrigin_R_Y' 'LooxidLink_EEG_A4']
1626278339000000,Provisional-Test-025,medium,medium,[0.022 0.960 0.008 0.003 0.004 0.004],[0.022 0.960 0.008 0.003 0.004 0.004],['E4_GSR' 'ViveEye_gazeOrigin_R_Y' 'LooxidLink_EEG_A4']
1626278340000000,Provisional-Test-025,medium,medium,[0.026 0.949 0.010 0.005 0.006 0.005],[0.026 0.949 0.010 0.005 0.006 0.005],['E4_GSR' 'ViveEye_gazeOrigin_R_Y' 'LooxidLink_EEG_A4']
1626278341000000,Provisional-Test-025,medium,medium,[0.018 0.966 0.006 0.003 0.003 0.003],[0.018 0.966 0.006 0.003 0.003 0.003],['E4_GSR' 'ViveEye_gazeOrigin_R_Y' 'LooxidLink_EEG_A4']
1626278342000000,Provisional-Test-025,medium,medium,[0.033 0.936 0.011 0.005 0.009 0.005],[0.033 0.936 0.011 0.005 0.009 0.005],['E4_GSR' 'ViveEye_gazeOrigin_R_Y' 'LooxidLink_EEG_A4']
1626278343000000,Provisional-Test-025,medium,medium,[0.089 0.877 0.014 0.006 0.007 0.007],[0.089 0.877 0.014 0.006 0.007 0.007],['E4_GSR' 'ViveEye_gazeOrigin_R_Y' 'LooxidLink_EEG_A4']
1626278344000000,Provisional-Test-025,medium,medium,[0.034 0.937 0.012 0.005 0.006 0.006],[0.034 0.937 0.012 0.005 0.006 0.006],['E4_GSR' 'ViveEye_gazeOrigin_R_Y' 'LooxidLink_EEG_A4']
1626278345000000,Provisional-Test-025,medium,medium,[0.044 0.918 0.013 0.006 0.013 0.006],[0.044 0.918 0.013 0.006 0.013 0.006],['E4_GSR' 'ViveEye_gazeOrigin_R_Y' 'LooxidLink_EEG_A4']
1626278346000000,Provisional-Test-025,medium,medium,[0.346 0.426 0.082 0.037 0.067 0.041],[0.346 0.426 0.082 0.037 0.067 0.041],['E4_GSR' 'ViveEye_gazeOrigin_R_Y' 'LooxidLink_EEG_A4']
1626278347000000,Provisional-Test-025,low,low,[0.873 0.071 0.023 0.010 0.012 0.011],[0.873 0.071 0.023 0.010 0.012 0.011],['E4_GSR' 'ViveEye_gazeOrigin_R_Y' 'LooxidLink_EEG_A4']
1626278348000000,Provisional-Test-025,low,low,[0.842 0.114 0.017 0.008 0.010 0.009],[0.842 0.114 0.017 0.008 0.010 0.009],['E4_GSR' 'ViveEye_gazeOrigin_R_Y' 'LooxidLink_EEG_A4']
1626278349000000,Provisional-Test-025,low,low,[0.853 0.093 0.021 0.010 0.012 0.011],[0.853 0.093 0.021 0.010 0.012 0.011],['E4_GSR' 'ViveEye_gazeOrigin_R_Y' 'LooxidLink_EEG_A4']
1626278350000000,Provisional-Test-025,low,low,[0.831 0.112 0.024 0.010 0.011 0.012],[0.831 0.112 0.024 0.010 0.011 0.012],['E4_GSR' 'ViveEye_gazeOrigin_R_Y' 'LooxidLink_EEG_A4']
1626278444000000,Provisional-Test-025,medium,medium,[0.170 0.575 0.088 0.050 0.061 0.056],[0.170 0.575 0.088 0.050 0.061 0.056],['E4_GSR' 'ViveEye_gazeOrigin_R_Y' 'LooxidLink_EEG_A4']
1626278445000000,Provisional-Test-025,medium,medium,[0.152 0.695 0.050 0.029 0.042 0.032],[0.152 0.695 0.050 0.029 0.042 0.032],['E4_GSR' 'ViveEye_gazeOrigin_R_Y' 'LooxidLink_EEG_A4']
1626278446000000,Provisional-Test-025,low,low,[0.461 0.397 0.044 0.028 0.040 0.031],[0.461 0.397 0.044 0.028 0.040 0.031],['E4_GSR' 'ViveEye_gazeOrigin_R_Y' 'LooxidLink_EEG_A4']
1626278447000000,Provisional-Test-025,medium,medium,[0.227 0.586 0.047 0.032 0.072 0.035],[0.227 0.586 0.047 0.032 0.072 0.035],['E4_GSR' 'ViveEye_gazeOrigin_R_Y' 'LooxidLink_EEG_A4']
1626278448000000,Provisional-Test-025,medium,medium,[0.201 0.616 0.061 0.036 0.046 0.040],[0.201 0.616 0.061 0.036 0.046 0.040],['E4_GSR' 'ViveEye_gazeOrigin_R_Y' 'LooxidLink_EEG_A4']
1626278449000000,Provisional-Test-025,medium,medium,[0.119 0.742 0.047 0.027 0.035 0.030],[0.119 0.742 0.047 0.027 0.035 0.030],['E4_GSR' 'ViveEye_gazeOrigin_R_Y' 'LooxidLink_EEG_A4']
